"x","y","label","original_row"
-29.7262792376758,26.8560182685686,3,1
-41.8022651475491,-118.512253558528,4,2
-4.52204043879618,-16.715682550972,3,3
-6.22517738266268,16.4136610058778,2,4
-50.10838013562,-13.2098129791268,7,5
33.484148588607,-54.7469234877342,3,6
-57.2449418144176,15.1780998476615,5,7
144.110495583568,-14.7713635717724,5,8
-15.1728934944159,-15.5774822668768,5,9
52.050713134116,34.9502794506662,6,10
-2.2130009681584,-15.7896669647789,4,11
35.2552191353341,14.9741391528033,1,12
-29.9811081052214,-1.32751981506835,3,13
-3.69653976612637,-32.1597519236814,2,14
11.446693589223,-0.367111267457052,5,15
5.89156698148252,-21.1501993148157,1,16
10.5199872948732,78.7618760449648,2,17
-51.9138507346601,-54.3732972817668,3,18
-61.3017368442821,79.5538607483945,4,19
-46.2476165318897,-38.1622878757473,4,20
24.1901709862706,-20.903004374199,4,21
-33.3695949033386,7.24233865917721,1,22
39.37199628616,12.6316854924639,2,23
-3.30527191191693,23.3454476001603,4,24
52.4301941678796,-25.0150525704001,1,25
-37.7201487112486,-3.98052631648788,1,26
-51.493217247599,67.9454328098612,6,27
18.8095308214979,13.3813992057189,1,28
66.3569776296839,70.6002927461162,3,29
89.9987874240387,67.8424081475646,6,30
86.5432000310858,-32.3778645834389,1,31
-96.7357220512245,18.4913307383954,4,32
73.2201431633474,52.9514568068443,2,33
-54.4093452069503,67.4468684841407,3,34
41.8833641195673,42.3138257288235,2,35
84.3147165475822,-68.085708032802,1,36
47.7950400818604,-0.726388109179793,2,37
-11.0855144139131,72.9926480435023,6,38
12.4398354602257,-44.4560801449121,1,39
-12.2708244841366,-24.8223803492965,7,40
79.4915765482663,-17.2661437213499,5,41
10.363529357948,-52.161482631407,5,42
-14.6637731245518,-55.0839907180738,1,43
-74.7269943429835,22.5349957510608,1,44
-26.7903438970451,-27.1656765947645,1,45
-31.358737575679,34.6879055437492,3,46
44.4096327336411,-13.0768974163415,1,47
-6.15086679975101,53.0043968189035,2,48
-44.8221558113165,27.9929062882055,1,49
-8.90060809825802,-47.4676358632948,6,50
86.177713025216,-57.9858854120887,2,51
-38.4503124688669,32.7061579585595,6,52
38.0166107795678,25.5782219374251,6,53
-43.1298327515649,-29.7569962718941,1,54
3.99286487738288,35.1683574088922,1,55
-13.5605576618776,-23.3696029686111,4,56
30.756317040197,-23.5940421709359,2,57
9.75658326950479,1.80844543705757,3,58
51.2671084535812,94.0303297024995,2,59
-100.963843797698,74.7014980332767,2,60
2.43298885166239,8.65947945249726,1,61
18.110101304099,-14.8772629996166,1,62
-26.5339231602555,14.0997205990068,7,63
55.525263904299,19.3035481570793,6,64
81.4245334504319,-55.8594687361627,1,65
45.6878404743865,-45.1581296678393,6,66
29.8872251780178,-18.32426540154,3,67
12.2223935188042,-32.6929860046655,1,68
-38.2758221215917,-43.6900080277483,1,69
35.4966627082859,0.743478207660606,1,70
-1.54735592731414,-56.9758488160557,3,71
-63.2714900752606,126.377133450915,7,72
83.4312435538046,21.7586837445495,3,73
31.1744302805705,38.8835004862059,7,74
-5.37776516489339,9.92782746196153,3,75
43.9968746954704,-69.3663718059595,4,76
-34.45237956808,-12.364862183807,1,77
12.6228153586851,-21.0189131073576,3,78
25.0780215340974,-57.5080913101244,1,79
42.4538620066606,4.88334525812664,2,80
-26.1403654210761,-38.0941412231426,2,81
-57.0547551358451,27.7381560254419,5,82
13.6873417777123,-10.9380276903582,2,83
-14.4662652516722,4.49115980359775,3,84
3.38142504945659,14.7766136239314,2,85
-48.8322613872858,-43.6167495622214,4,86
-68.1791938881456,-91.8366548720485,1,87
-13.083676390979,-10.7076196852493,1,88
1.68406284241456,-177.857352222657,4,89
-11.0326604290005,-37.038410208331,4,90
19.6243461487762,-38.1496569775532,1,91
31.5114984928719,24.2257854798689,2,92
-53.9084592818669,-53.4675077147551,4,93
-11.1325741025005,-41.0281008387211,4,94
45.0288703294678,26.2462766079478,2,95
62.6506929943715,14.4426362516456,2,96
-32.0729854869988,30.0900280512773,1,97
9.78902440648723,116.805092155062,2,98
17.8360628201951,11.028137833941,2,99
-98.2007246780265,38.7174049696747,8,100
-62.5639915407302,88.0200522358002,7,101
7.99013387284352,-37.3750427516592,2,102
-20.1080402297836,-23.8626419231559,3,103
-23.3725673531464,-30.1062386706761,7,104
-58.8894222149646,69.247807819866,7,105
-66.8278408385421,11.1487348448577,4,106
-41.2873284022784,14.5675566109058,5,107
21.5447473116976,27.7656399461847,4,108
47.2743248278352,-11.8611349317771,1,109
-32.5424879032311,-23.4675220063522,8,110
45.1040747767388,46.9676234438115,2,111
-1.93675776057932,-36.8840632430333,1,112
-22.7587824722824,-19.753358417099,5,113
-21.5078205542322,-5.86486290178297,3,114
30.5284410543522,-28.8464771252123,2,115
110.460185093693,60.7868072061982,6,116
-27.3024871907523,10.5256657690131,1,117
2.31143001888911,-57.4896790061138,4,118
-19.3336024843443,11.6046482434263,6,119
13.0946959457686,36.1844512793948,1,120
-21.373967295017,-2.98974856385733,5,121
59.503263085779,70.0919499442657,2,122
45.778840540009,-113.099434673305,4,123
-62.5792721112262,79.4739219504684,5,124
-63.2036193381471,-16.1783742544244,3,125
16.1856845276411,-54.3478509194211,1,126
66.7968002843774,-5.95302794932147,2,127
28.5371907757966,-35.5301480964215,4,128
-127.614759407335,50.9707456145317,7,129
75.1832210827514,-6.78263242071599,1,130
-26.4468826291922,-79.8176161545473,1,131
20.8484627462362,30.1381985756578,1,132
-9.11474955700653,-14.3114819472011,1,133
-35.8259421363006,-18.5742056788083,5,134
-30.508929130877,-18.546079723802,4,135
34.7062273814826,-13.2820327610104,6,136
-19.0993520187853,28.1798182397895,3,137
5.11570053840552,52.9916401168625,3,138
-26.9066499155894,-21.8581497468933,1,139
-43.5250017106511,-41.9226111911616,4,140
-14.0393912965634,21.9567511460334,3,141
-98.3929400312953,-92.5527439730378,5,142
-38.0057763175109,20.5016926466225,7,143
-4.35414967507565,-26.6013548620092,4,144
-5.33538065312153,-14.4306926728579,5,145
-42.1410958850175,24.3243453311102,5,146
25.2431063820836,-55.4300406236166,4,147
-60.8822273534015,30.6150381313881,1,148
85.6592453904344,-31.2690825271858,2,149
55.2012540990395,-16.3534535419165,7,150
-36.9461606065425,-77.1128755860022,5,151
33.4369021409617,-13.0501962217156,1,152
38.4314896390203,36.4336977597447,3,153
-27.6701813046141,-67.1288672261613,1,154
114.788672607709,-69.7959230521472,2,155
-47.0584975292234,-28.654043610134,1,156
-29.6953330664271,49.8685163686051,1,157
-65.979589088529,87.5241810554562,7,158
-56.7150615851174,14.0007256096824,5,159
136.071582281766,-7.7918282981119,2,160
-17.6767591362902,-93.3028577311445,4,161
41.4621103466526,-32.4093642674378,2,162
17.8307277946813,-90.8110112515914,4,163
-7.81816243589629,50.4435999026771,2,164
-23.6910552416488,-3.59874974655124,5,165
-25.3219421159189,-50.0372591370764,4,166
11.5525415921626,2.04055308542322,3,167
25.0782151958759,27.1564250970165,5,168
-31.3835064754032,-82.1294658979008,5,169
-12.4739170938624,-25.7332704043243,1,170
55.9412255651264,-43.3449339371265,1,171
50.8811524113183,-19.9257490014655,3,172
-33.4365602619004,-2.97493228547449,3,173
77.8590517472508,-21.3341066679256,2,174
-72.1257718387082,71.2413661163954,3,175
-24.1082838008657,32.354884067005,8,176
-39.4196220309341,-2.38245962901559,1,177
-17.054955962056,-10.3008872230155,3,178
-29.1647972281001,-33.4752677468983,4,179
-41.201751828199,-27.310761709726,4,180
15.3040742353362,133.402865697301,6,181
-10.5970423686404,-79.0551649299474,4,182
29.9946740577626,-6.92687687391178,1,183
91.8334202786139,53.9863111242227,6,184
15.2603515055178,-70.8420770233454,2,185
-4.09710655238555,31.8764111609686,7,186
-40.4875055860761,24.6339462222004,7,187
24.5679996076429,-10.8867734635396,3,188
57.8440359192051,-27.9698014562282,2,189
17.0250429614555,59.9150588559931,1,190
-18.0009358120687,-42.3756068382823,4,191
3.26035669644759,9.59326754804455,3,192
55.1938832952405,-52.6203048304289,4,193
-23.558882115897,17.7466237320208,5,194
-21.9547172862596,61.3374662788474,7,195
9.91405670885836,-11.5932709747024,5,196
6.88846932467179,8.51506563225427,5,197
20.9039004975437,67.7260982559591,7,198
-40.7426266145331,-22.1761832625183,3,199
-57.5078185783734,-11.315557545992,5,200
96.4008320741293,104.116004543059,2,201
-32.5899930635011,-14.8514834013747,5,202
-34.1177374413673,21.5184683457034,5,203
-23.0272822238937,-59.4003455704822,3,204
-6.00597426954684,53.3758133185963,3,205
17.8074151229928,-2.81694909609716,2,206
25.6456026618735,43.1161512937598,6,207
6.04087946760645,-20.019393594695,1,208
-29.6651773868379,64.0627412173303,5,209
-85.7422000070601,40.3637545997342,7,210
21.7951305879854,-16.6061167781727,1,211
11.2386162017451,-20.7839115817567,5,212
-38.5981541255175,9.71144612011218,5,213
-81.9605144286397,12.1300615398364,5,214
36.3640748380225,-88.1121504754632,1,215
6.66345833579279,-21.2781272523838,2,216
39.7768414008396,51.8056843207046,2,217
35.1867233976902,43.3448073822015,1,218
19.3750040140144,13.9978706108092,4,219
-13.5030785316845,-26.6766283142375,1,220
-39.063666473477,5.87859556372799,1,221
-8.45065485801566,43.2740572197566,2,222
-0.00604788208254609,32.4866079419533,1,223
-60.6189765550471,-18.7633882943536,1,224
57.7007131897667,52.3107848079772,1,225
5.53780465278679,-81.8457385796459,1,226
80.1040864587741,-2.51085737561254,1,227
-13.157497095752,15.2589349068865,5,228
35.6442241616329,-72.0001355221121,1,229
-82.6872173228386,-10.7026608570816,1,230
-65.180577329111,-45.7590785375444,3,231
-62.5676224369765,-53.1741642857641,4,232
33.3416851667066,-68.954949168472,6,233
-28.4851353281419,14.7486037422374,1,234
51.4792005375774,30.7069521880007,2,235
-60.6354277395632,41.3729351602808,1,236
28.1397077562439,5.70928842541044,3,237
44.8418436340067,-15.8574113519562,1,238
-55.5180489690401,7.70761768424198,5,239
73.3492957942277,-27.5698602768251,6,240
60.8979329199414,-6.88939869602034,3,241
-29.4556768733563,-42.3600031852478,4,242
45.1978758609488,-12.5695018894473,2,243
22.8807995649034,-57.2896736807772,1,244
194.702502419073,-70.8808358271143,9,245
44.7645567681439,40.3284881959226,2,246
-22.4582457940692,-18.0278762342461,3,247
-8.94447143435279,-8.29031385984373,2,248
56.5739951477419,-31.3835047620664,1,249
6.4965559039272,-31.5921025604527,4,250
46.0098381942623,19.6885481419479,1,251
19.3857622318193,116.201834606117,8,252
-33.1170824287759,22.3287389561302,3,253
29.3319602174897,-14.3716691688276,4,254
-91.5523433181728,64.5771466647732,2,255
105.145181275576,-14.9202459072311,6,256
61.1014351351866,12.3768988610901,3,257
-115.47068993037,23.9354276467766,4,258
-1.94902120179377,20.7649220386108,4,259
71.1631129469112,42.4992286149137,6,260
-20.7601664745779,54.4389499825663,3,261
25.9538670225349,35.506378010885,1,262
-41.8760371906145,-17.5853687348148,1,263
23.3398552750056,21.3380042307557,5,264
144.861264781295,97.4061263434754,2,265
-23.7025141926871,98.3519490501731,7,266
1.52748519929729,21.6732940750169,2,267
85.4240222859865,65.3923078806223,2,268
28.2451437581502,-33.8393593741994,2,269
-34.848604755015,48.9320146508284,7,270
-1.65751227960996,-21.7696691850382,9,271
4.3000289330463,-118.966178220783,1,272
-63.7698233130973,-3.69447157404006,4,273
141.663716683549,-24.2587837205126,6,274
34.0740612411933,-0.0733940208441438,1,275
-54.5580335822275,43.4113013977307,4,276
33.6639769040531,-17.6975446616511,1,277
-0.0664073804612915,-3.89247354623181,8,278
3.38393480646542,-2.81852116698558,1,279
-22.5691652917466,56.9373479598351,3,280
-15.7241928726853,-121.216577330344,4,281
-24.730849822488,-42.863267995043,4,282
20.364839779633,18.9375853643051,7,283
45.2777867974618,63.2944191221756,2,284
-31.1725107298379,-22.7376100549624,3,285
-57.8336202047985,44.6456800249972,3,286
-88.8082777823075,-31.1267928430243,5,287
-48.52039451058,26.1399097222993,7,288
-23.693288554063,-46.3309604447382,4,289
27.1274535915308,-68.3908245777132,2,290
52.0007678252056,23.9019493552012,2,291
-37.2522354084429,-52.2938377438991,1,292
-28.260949064721,-15.8566026959667,3,293
154.238787996515,-23.6542395607329,6,294
-16.2151670687381,21.7579780968362,3,295
-34.9953453453551,-66.3050964983396,4,296
-117.625782658866,64.482596349382,5,297
-12.035202017505,-60.8990098252376,1,298
7.70500452459935,-41.1578043265782,1,299
11.8756155146614,63.152763544154,7,300
-90.0768270991772,34.7635446746744,7,301
19.1072096635856,-86.7060216955802,6,302
58.3886454972282,-4.55689302982934,2,303
52.660953440232,-6.78381048488019,4,304
-5.27725385335204,-17.2072243216117,3,305
-36.0577027153791,108.673983800948,3,306
28.2655242015846,-48.5173742659584,1,307
-45.5183522926606,4.68113484739797,5,308
22.5859169528086,7.38514089072016,5,309
-63.5517119740395,15.7359051228974,1,310
-20.2170557354671,19.119364606146,5,311
39.7316370336585,-56.4868481108528,2,312
30.1873893566657,-11.7774921386968,4,313
-45.8841013096942,-69.1840028988633,4,314
52.1480894649234,-10.9536498612713,3,315
50.923089375588,25.4440919211218,1,316
-18.4015116195184,-89.858284642352,3,317
-52.0054603245641,-24.6970438304321,4,318
-65.7091763916778,-11.6729029398163,3,319
-87.4045586534612,106.12644733642,2,320
-78.929930204927,17.1462181203195,1,321
87.4960017864286,82.5709566343577,2,322
-46.8545106988766,76.646348166323,2,323
73.6910370768298,113.078617788911,5,324
20.2914736096011,-24.7813261925435,2,325
-22.084581516991,-11.5593178629917,4,326
-32.8141812284276,-112.109080397093,8,327
-11.5741455615145,-27.9127142712677,1,328
93.5654205469813,-11.4993896625644,6,329
-49.4318049194387,-17.2236843914923,7,330
36.090258013217,13.9816141339602,3,331
-6.3465408066522,-16.8289341708828,5,332
-2.80016482656569,-38.9122377207411,1,333
47.1417828734134,-67.679923366026,1,334
19.1185874214761,-61.3086366228705,5,335
-9.4660613896953,-70.7077782500961,2,336
-56.4794822118681,77.4334380674047,7,337
38.4891959827229,-116.479206854865,4,338
102.898382798297,88.0540285570087,2,339
-19.2192680248619,-15.878580452182,1,340
-36.6208299858471,-78.3427809926994,1,341
98.811175589174,-30.6111364994694,2,342
10.1919929150713,-49.6981124907566,3,343
34.5894891058901,-32.3498223948462,1,344
-53.7887176912525,47.6590288229545,1,345
0.19316098971532,-16.2239996878727,1,346
72.4710763666766,33.0659213144872,5,347
-35.4263831321832,6.33118262802823,3,348
-28.5781440135956,44.3463105518458,5,349
71.6039236423913,-27.3547048706075,1,350
-43.1524669849963,28.0574650911424,1,351
-69.6675671248233,-100.829500626789,4,352
65.6588519250612,-52.3946828957807,2,353
-27.853097024212,30.9374532695535,3,354
24.780947882197,-72.8946388469502,2,355
3.18906751299606,30.4320388534231,2,356
-38.5558972176534,20.9562512854228,1,357
30.9996749665114,4.02087711833172,1,358
-28.8508750361791,-108.326770004403,1,359
-57.5968874165785,84.1169092564984,5,360
43.0149377931221,-25.5556308295459,6,361
-14.5098991805102,-19.8708095267982,4,362
-2.49857358684948,-12.5218006536806,5,363
-78.4942699868441,100.466045583763,7,364
1.90551034628259,0.622853194455709,7,365
3.70130264761193,90.6010395513669,5,366
-74.3896473822937,3.71835918614894,4,367
67.8837342866578,35.6421122906122,2,368
59.2870822001849,9.9524396921269,1,369
39.7606410326108,-6.95237307916048,1,370
-23.4886998456015,-68.1844868158423,8,371
39.598962077439,52.0989441338146,6,372
22.8325625589491,-40.1748409894471,3,373
-38.412646836059,-1.18958356337668,3,374
-60.6962952479981,68.8294409951178,7,375
15.6398414203856,84.8185035186937,1,376
75.7906613793849,-78.1362447833158,4,377
-7.39569420628264,8.16416505406835,4,378
16.6941615451125,52.6495213973828,2,379
-44.4027758696147,-7.95498328544383,3,380
109.389434637046,-26.7681072262248,6,381
-22.3015370910028,43.2058825940363,2,382
-25.5575893800093,-20.229310410114,1,383
-51.640048702056,8.70731106881599,1,384
41.9614639984833,50.1921287627812,2,385
84.4859519957158,-75.3917412882097,4,386
-11.3174131630539,-83.1547475987916,1,387
96.9364219062287,6.28337139642046,2,388
-100.122610803664,63.524215185678,7,389
14.4728771996672,57.9518218779116,4,390
-79.7283312594692,65.029429204388,3,391
-0.510422504955871,11.5128935608421,1,392
-8.12011264446613,34.8064102533982,3,393
-26.3876382778737,-7.51049985112372,5,394
-16.7140463551745,-0.764335347167269,1,395
-3.63872026813645,-6.35676795775264,1,396
83.6789116674883,4.55475605898623,1,397
31.609098468582,66.9807696780846,2,398
91.8385779178025,13.911632371257,2,399
-46.8691247858861,37.0935434511161,3,400
15.6187859533912,-2.64034427494803,5,401
43.247741090142,52.9990401589627,3,402
-6.71188495372922,-43.9768705522296,4,403
-9.71999454530163,19.3503797900852,2,404
0.748246428943162,6.06111699206438,6,405
-1.41185305888477,-7.51977856516518,5,406
-25.3563387168255,3.06651634797074,1,407
27.5752399018327,-88.5562188172469,4,408
9.46713181205986,-1.61377875495497,4,409
35.5349204470307,-15.5828283620201,1,410
-23.6716083743891,-22.4786983856776,2,411
-84.8075255236962,-21.8389739014052,4,412
-2.16971698368111,-70.1917534860179,1,413
-19.6733188539114,127.780708173094,2,414
45.8243237210043,-11.5131482777695,6,415
-47.9449620600462,-35.4282194072283,1,416
-73.6054063235691,-48.6998764132752,1,417
3.99235720281003,55.8385603570963,3,418
-4.41058346535524,-80.7502834104804,5,419
-34.2227564126111,-86.3554748768496,4,420
12.4535404925231,148.292959177376,7,421
-71.2814940064199,59.3063668881815,3,422
-138.523270518501,71.7433457347575,4,423
-13.1306160325942,44.1275161902803,5,424
29.5673196826468,-14.5063941314247,2,425
33.4260076173236,0.867641564208515,2,426
-12.028085496693,-12.4794893745123,4,427
-32.42694829987,-80.3408917734331,4,428
32.9705842734976,17.2326106434496,6,429
24.9414301239603,-1.39740752101859,1,430
29.0311960148547,-38.5616039705805,2,431
34.3205710785747,0.26270422374685,2,432
26.7212362521491,42.9080817902599,7,433
17.4990476928202,-34.2630672024999,1,434
-53.0918588008657,-25.1129507763664,1,435
-61.9924770643581,47.3991319039977,1,436
11.931355851489,-13.3102037675252,3,437
-13.63279828085,9.54357007218549,8,438
-39.3478937269523,0.406747455303374,1,439
64.8869041269364,-53.4742764568169,3,440
-84.2365003160288,37.8126969067093,4,441
48.8808785876761,69.1217187769054,2,442
-84.5946705679708,82.1535263210506,3,443
-6.14665424539315,32.2802898265446,2,444
-45.343592738902,6.7176481822161,5,445
-11.9554756212406,-106.031675515009,6,446
-66.7185384804276,-41.1413933605318,1,447
-78.8490225307076,-44.8025279818788,5,448
37.2511913908423,-21.1461641589342,3,449
-14.3449005038288,-66.9077500240886,1,450
-21.5233157534494,29.4838493502844,1,451
-94.2385027024023,-32.8218705700934,3,452
-67.471372313215,-82.2230428596824,1,453
15.9937253227204,100.117526406403,6,454
5.110244503271,-48.7730021578003,4,455
-143.877962179391,-113.055926809133,7,456
12.669328304652,37.194937306747,1,457
14.836244351333,19.6752226078821,3,458
-106.563378838243,-35.5464721558615,1,459
-13.5107124467839,81.0434829129515,7,460
35.4694074513456,-11.5665932495877,1,461
-46.3651802610497,6.57441638934476,3,462
75.2453890174594,58.7159254123901,1,463
-26.6693449736586,6.4490773598472,1,464
18.8810926429161,-61.2883295006839,1,465
-0.658272007672615,25.9799389868875,1,466
-9.68253729622575,-6.2740985768466,3,467
91.9707882787685,36.630195775837,2,468
55.6452046846822,-30.0733422489929,1,469
-0.165269078004319,14.0155346416046,1,470
26.2290848289514,11.4668653077844,6,471
-24.8845063121727,7.80742162180066,1,472
57.7743238031408,52.6122981746723,2,473
-49.544349270565,51.9831206500077,3,474
-65.8896707368797,81.2694445217875,3,475
-11.7890626855467,-38.17225278478,1,476
36.2228880065823,-23.7738766436219,1,477
-29.6521336921465,25.0020598432114,5,478
3.95459641654786,22.6017117038312,4,479
46.2704024963662,22.3059841286766,3,480
69.3363760213942,-19.1220761686716,6,481
-4.14584546613873,-53.4998088517573,5,482
-15.976846138894,22.3550405057341,3,483
-17.842073382278,1.91113869606348,3,484
33.81995659029,11.818088769347,1,485
11.8201745204003,-65.8422763493282,1,486
-54.5366541005119,19.7550390326003,3,487
-19.3411795643592,51.062852613316,5,488
38.298550870493,-109.017466103632,4,489
-40.4221297967591,-8.04066214321174,7,490
38.1835948186404,-46.2965957032547,1,491
78.2350565344188,11.0364795299032,5,492
-3.23775330209408,28.3835760615011,1,493
-64.6449213884438,-19.3400446530522,3,494
-24.9259582092143,-90.4899307027037,1,495
66.0217797711845,-23.3159543424522,1,496
-47.7038047496065,19.7560790676158,7,497
6.67416331297613,8.93787975137358,1,498
27.0871692500477,12.1884930962823,5,499
1.1007001552415,2.81941110899962,5,500
5.20670143590825,-60.3660281426275,1,501
49.04191675899,18.0264657282932,1,502
16.0294242361578,-22.1578775082045,2,503
96.4759058409002,-37.4235506681402,3,504
15.092856989675,-38.9490293522981,4,505
93.9574950687712,68.5174308816885,2,506
20.3408625040221,-14.4107731822865,5,507
-45.1744525124814,-28.8287503391713,2,508
-40.1662665169756,-48.5695527099331,4,509
-41.9746568399301,2.75722498585944,5,510
4.70666505872707,7.73662257280425,6,511
31.9006201304105,44.0467030671894,3,512
41.9362409997238,-43.6333370487991,1,513
-59.8809337805196,-27.7140492351811,4,514
50.6027769820907,51.7320652992095,2,515
37.3867190661872,33.2919467918712,2,516
-17.1350993259113,-102.066155888128,1,517
109.543864790994,31.5149097684492,3,518
-48.9016997542102,-43.3293058725197,3,519
-62.9491137921829,44.7672996557308,7,520
-31.2599916039289,-11.2699118410684,4,521
-77.9737708195652,-78.2297328161275,3,522
-33.902403828735,2.63084266474943,1,523
4.14722070446653,14.8302561318768,1,524
-1.35509700864155,-12.5777285039472,3,525
-12.5337526628363,-5.49352912215263,4,526
-16.2536227295683,-31.2971684131781,5,527
22.6167908703912,2.63601003857017,3,528
46.3645465757351,5.9962885188319,6,529
107.819185998207,-20.7630175744762,6,530
-72.5283743356748,-60.93254654495,1,531
-81.0311326565835,-0.887109094885818,7,532
-25.8601446598204,-8.27367244685473,3,533
54.2118170501186,59.5535448318323,1,534
-1.16816787987086,-27.8485873436258,5,535
-0.756542590343092,19.7944866266432,3,536
60.4301213696352,-64.8786349647354,1,537
-18.0585618901601,-37.4740200390063,3,538
10.8382093535686,-71.0961304233689,1,539
2.32547573437477,-37.7858363286377,3,540
119.738768581541,-2.9399758137569,2,541
90.3807300094723,28.817350996252,6,542
-8.67203209627806,-3.84037100492587,1,543
35.6916560020962,4.78671672543357,5,544
31.7349827512921,-13.0531679620948,9,545
31.1245344368419,116.068671920077,6,546
44.2474956109218,-106.817758259838,3,547
-38.3853051939917,-14.1096722578279,1,548
-24.4221661671944,58.7338719171877,2,549
13.0831508760373,-67.6763737778197,3,550
22.2522799188064,75.1183502190953,2,551
-21.8393873709675,83.0197814816664,3,552
72.6911149235976,0.436770694164812,3,553
-21.6981785895843,3.40552359078542,2,554
6.09078951569576,-42.1326600854046,5,555
-81.7660107070942,-57.1999177008994,1,556
57.6507948148926,-49.4613177599313,1,557
-5.88025865962964,9.27588789553914,5,558
-4.40080636075181,13.7790491333344,1,559
-33.7240710750354,10.4452886363822,7,560
-30.0932920525511,-49.0308122836417,1,561
-45.9542597639966,-45.6135399184847,4,562
3.14338074982586,3.74853148750723,1,563
64.740435940358,104.397329305685,2,564
37.3569109289712,-6.69943088743612,1,565
-47.4669730627602,20.2672314085661,1,566
-0.456431219748248,66.6209399945103,3,567
63.5614098436783,-75.8301879417326,1,568
-15.1276316495106,-28.7416091180418,3,569
-32.7176990769505,-24.9398643516664,4,570
66.3943631866147,69.7222522982215,6,571
13.801720710859,-25.544020750177,3,572
-47.9705041422122,-59.5777263917708,4,573
7.0250366524582,-42.7872388232425,1,574
10.9971751506002,76.3234580439922,3,575
65.6825222196373,-15.686800397026,2,576
15.9899405498662,29.4041043954181,1,577
-56.4598968414933,36.297808551061,2,578
54.3885191644012,-46.866993049104,8,579
-25.5418826113004,-44.36138182135,7,580
-34.9839653465745,54.3795662055062,8,581
31.9012752206742,-23.8153880768939,2,582
-36.7265277710488,-17.7403758953992,3,583
-8.39326502684355,-41.4856141443299,2,584
6.07022403652284,-28.375828058918,1,585
23.8217296759726,33.1197335316412,3,586
35.4608678853338,-69.8253263349924,1,587
-60.1075634193463,-63.8036310825573,2,588
4.94814323012202,4.56587607120668,2,589
-40.894048865524,-50.7519835856557,4,590
-53.1929800580441,-46.308198507806,4,591
0.522353980878165,-22.4048609938052,2,592
58.3379029420951,-9.6679362478588,2,593
24.1254140656566,48.13366952159,2,594
-16.2520348560255,28.7096902326559,7,595
61.0463376591693,6.7601360013694,3,596
-31.8784344790176,16.3667524487784,1,597
-46.440063223416,-5.09427911683648,4,598
-23.4730804519764,-13.8532373069043,1,599
47.730274494292,-69.7197365876733,3,600
-40.2130528980286,-4.47067372349619,2,601
18.7488205584508,-33.7632445237504,2,602
67.9774295692904,55.9749786816414,3,603
11.3283626804558,1.81238783549549,1,604
-80.5227929704279,-23.1523885706726,1,605
71.9333145955889,-12.5926937190986,2,606
8.89309072498789,-34.3576278367168,1,607
54.347769954124,18.4955586079624,2,608
-91.601985217023,0.0912231154341276,5,609
23.6144721371375,41.2620150940571,1,610
-23.5537415332394,-18.077416519212,1,611
-17.9545943153635,40.2142937802542,6,612
36.9216377728263,41.6367079810259,1,613
7.26779535780559,76.0159535464382,1,614
-21.2200040209686,-58.5158752300452,1,615
-49.5110668515283,30.3122203345479,3,616
8.88980684909143,73.1693694408212,2,617
65.8002765652582,8.40408530673982,2,618
-15.6414961747498,-13.2938992946084,3,619
14.3807138015709,28.8970058960321,3,620
25.2240514227288,-62.0242193245793,1,621
92.1501414418196,42.9210453668833,2,622
104.191827048981,32.9195557612011,6,623
-27.9686000496163,-42.1352782059891,3,624
-7.93900969839319,4.46418541390555,1,625
20.0511854164627,-3.18361237846877,5,626
-96.9611065653258,-54.6789101095291,5,627
-30.9347439708395,-38.3947444547127,3,628
-29.9287200208952,-5.02060809750579,4,629
22.2975978998732,-51.0373368520722,9,630
-24.4686565466773,49.7951820400682,5,631
-34.188914350239,-12.9315167739158,4,632
60.4341157213799,-30.7182429496251,6,633
-8.69220752228661,29.1311990260931,3,634
8.63056736042643,-7.06759505792903,2,635
45.3794655552961,-6.43386499108227,6,636
-104.860377603954,65.768006124493,7,637
-4.92487784466771,-56.2492209637213,4,638
-62.6281068322583,39.4485657463558,4,639
-45.8957392671721,-2.8973076447095,4,640
-36.2719268968993,-24.1642695174273,4,641
34.3683002065681,-41.0829921838298,5,642
82.2466228679025,3.19346165320379,2,643
16.279468937896,-12.6450805709756,1,644
-109.522198039338,-20.9832094917067,5,645
10.2138293815961,-20.0002222946023,6,646
-6.9626479418289,-39.8049002955444,4,647
-47.70595547839,38.1850710273745,5,648
-22.7495414812507,35.3452304020529,1,649
-42.0577284308804,-69.5389785765088,4,650
34.7028008141533,49.8336342099125,2,651
4.14288006536869,-31.4034293530898,3,652
9.05889878687144,12.9336089828662,4,653
-3.41429090498209,-71.4927944350519,1,654
5.87850962681099,-16.4595126493066,1,655
-13.2703562367413,-28.1111559855798,1,656
29.6473116364589,6.08893907398163,2,657
29.7973564446121,0.25614813395128,2,658
2.46350772051256,-22.3500434510976,2,659
35.6079681224721,-6.07942911822291,2,660
-17.5493153725563,51.0516474159822,1,661
-32.5008880686842,-12.4426907902496,4,662
-14.8118017076835,-18.9329035908238,1,663
94.905784405947,-115.935274094315,2,664
46.4252529820656,94.841338335706,2,665
40.5293121634618,-44.1120201788573,2,666
-49.6122467085398,-55.6015902434191,5,667
68.8645771124332,-30.5095080531961,3,668
8.17906282572191,16.5423425134502,1,669
73.9840145861105,-10.8610753168821,6,670
-24.7303764983835,-11.8739262407654,3,671
-4.12415408413683,-5.10615019967861,3,672
8.30012320661512,38.9655677904532,2,673
8.22863254256164,-101.255277415112,5,674
20.4258992086826,-15.9402694195704,5,675
7.87218211878284,2.14515809950203,7,676
-23.4446213529448,10.5268236038205,3,677
-15.6994136586503,-101.191925681066,1,678
-47.5956229218777,51.7590248202944,5,679
-20.0244815410251,-31.4025265729936,4,680
-11.6564462731426,-14.2972695850742,4,681
-32.5845610257587,-2.59747258594225,4,682
19.4358781376484,72.6786630295201,7,683
-4.52155864592588,-17.3684161249555,4,684
56.4027076113611,5.37651308619401,6,685
-77.3238086973746,-67.2632643300169,3,686
-15.3172275592775,17.9762314420719,1,687
4.37164522163708,1.36106649197801,4,688
-15.5934649173524,27.5789091059391,1,689
-15.6101818314936,24.1635601090659,1,690
-116.315934003966,80.8876191802916,7,691
-66.287706686754,-7.20731038590898,3,692
-57.9108556487953,-24.6496049627152,1,693
-0.776934833907431,34.1981938873233,1,694
42.3476389522373,19.0591042753693,1,695
-57.5439304287016,64.2860178354748,7,696
22.3080954257144,-27.7155703702974,2,697
35.025200142238,20.3174501268271,4,698
-24.6052586803749,-70.1900175219232,3,699
-66.4400406193078,-36.499219592453,4,700
-11.3496088164456,-8.34004483249731,1,701
4.96570732134976,-3.76097659907013,2,702
-30.9211148038817,-82.8337525869952,4,703
48.3192124121148,66.1034809599926,3,704
0.640198291044726,13.2942636047064,1,705
58.4252486723166,-25.0901963583703,2,706
-19.9504892510414,-11.6516037470718,2,707
-14.8323804114464,4.6067099208748,2,708
-20.0259874380632,-2.24489126188377,1,709
-18.2383997548739,-4.76617379259979,4,710
57.1589995105321,-38.033810121759,1,711
-48.3188765833461,45.40935647235,3,712
-12.7301710219378,-39.447940746658,5,713
-34.5619522316079,43.8829909610785,4,714
13.6218104941587,-32.840249636968,3,715
-44.7910713616869,22.4470080050474,7,716
76.257730333663,-7.29854237521234,4,717
-45.7051151582093,37.6840461861363,7,718
-36.9059816658871,-24.2887081285606,3,719
-18.9346961671588,47.0826279011997,3,720
-6.50496819461924,-39.2386256459457,1,721
28.5713497167834,-0.311674805592357,3,722
15.2107066363798,12.2236653261456,8,723
-24.2670407971652,13.2492935265729,3,724
53.3763315817143,9.74509386346366,2,725
41.1494680561966,3.71247578255657,1,726
11.761148677082,-37.1310520572526,3,727
78.5945713123269,-58.4883533438004,2,728
-45.2153374419328,4.18175398881897,5,729
3.00159347145083,-10.7245038535949,2,730
-0.0722192749334508,0.648533939807219,1,731
-67.9484633536796,37.9590377828129,3,732
141.063110404696,86.5714041465432,2,733
-66.3337363881565,-27.8364915245952,3,734
-22.1436376264644,-21.51422783257,3,735
-29.9208913119031,42.9932485399313,7,736
-103.231658925577,-9.40718280737982,5,737
-0.929680580567704,-66.7279781956097,3,738
17.4238750668188,-38.0133144644335,2,739
122.151393634277,-20.1786502253259,6,740
19.3015835465413,1.41624308487259,1,741
-35.9787702800835,42.4884584930229,3,742
18.8691495968868,-36.566936761017,1,743
-0.120920394344141,-30.9867709628224,3,744
103.953003086049,5.53666007773419,9,745
-12.3762034444544,-78.987772553551,2,746
-35.2401761935647,19.6458257496636,7,747
5.80799380618407,29.1015192513503,5,748
60.1593908905492,28.094728451837,2,749
19.5802008416878,-54.7939149958056,6,750
12.0908155016282,0.694535907427224,2,751
3.48476166702266,28.1256465504408,3,752
-61.6534503141185,-45.5936304388072,5,753
-2.7670229578071,-8.82283932132475,1,754
15.8546073458542,-21.1599595032214,1,755
-18.0104293969449,34.1137369307343,1,756
8.83000758175168,39.5115558361057,3,757
12.6931537593316,3.25651241691395,1,758
28.9421248573878,36.173033397278,1,759
94.6602499982227,47.4723673992621,6,760
-30.7536310801605,-77.916497632233,2,761
-21.9286268850205,-25.6830046666306,3,762
45.5052801948786,-27.4902673993743,6,763
52.6209828397056,-54.4636344977924,4,764
11.6785236277277,15.1349230823378,4,765
-51.040371509741,-46.0274814649562,4,766
15.3894320469598,-45.2558664344996,8,767
55.8157649027305,-4.10448450645801,1,768
-71.7698109154308,21.0641327824957,3,769
51.3258633743358,84.3532971997785,6,770
27.528895283113,-60.2692111404658,3,771
93.3469000644675,-41.2549585770537,3,772
-21.013521784129,70.343099037757,3,773
45.8637204393469,35.7709578966501,5,774
53.020654414979,127.833238573068,6,775
-10.438420706003,-12.9348655480203,3,776
24.3092875332799,121.938282900887,6,777
-7.81655377869341,87.4543364207849,1,778
107.876103202546,27.7907782388782,2,779
-1.50308267990771,-78.0523286328984,1,780
11.2053680395294,7.59407788594845,4,781
-66.4836980074475,39.1941080481333,5,782
-20.7889575176716,38.2064679213302,1,783
-1.05108291499367,-44.0184458286215,2,784
33.5353056412963,45.5118175910688,1,785
-96.2965216280772,-45.3378950293713,1,786
22.5065267633577,1.94194691277439,2,787
13.6949879362638,-52.3383699881178,1,788
56.2755010364322,-7.56229455428369,3,789
39.48476201482,6.17677623908383,2,790
9.66203131334145,-47.9251921179331,2,791
22.9289817830311,-52.2001959790343,1,792
0.00118890922582878,-21.7839895415609,3,793
10.5677143577697,9.36848892592239,2,794
25.9160872857307,135.820273090094,2,795
-9.42731645341674,9.42990845067347,5,796
15.8631477525141,96.927342357195,2,797
34.1890516547304,10.9345663762235,5,798
-33.2277565127213,-11.6240555074676,2,799
38.9629076226945,-25.4865796576775,1,800
-10.3095194118696,-94.4968247388557,4,801
7.36344763202422,-38.1870247462797,4,802
9.43404515393314,9.9927768718584,6,803
6.74640836318646,38.3256958193201,5,804
-3.82881638254359,-74.0641069138833,1,805
39.2248078911831,-49.174423191423,5,806
-52.9659365038976,-22.0708985654289,3,807
31.4444761518094,-52.9542137963305,4,808
21.6419664727496,93.5091461958856,7,809
-15.5866843722218,-20.1831463467868,4,810
75.0269632171898,89.3524352537105,2,811
39.7965823579017,-23.7285655036833,2,812
44.0144821427587,79.4520007768588,2,813
40.8866771245338,-25.3890019161973,3,814
-32.2897828404615,-21.2953354028076,5,815
24.5308511996415,15.3523763194319,1,816
-37.3622735186878,-67.3500628923293,1,817
-29.7486934027481,-28.0871538885218,1,818
-45.4066486391232,24.019213458229,7,819
14.3999460326409,-7.34803660335162,5,820
-9.01587106173402,-21.0830881988472,1,821
51.589645470797,-57.0221530323603,1,822
68.031868194616,24.7058779401751,2,823
-0.141119430582274,23.6220064501992,6,824
12.2990271441647,-19.7566483641327,1,825
-27.2642455110558,-60.164513538507,5,826
-35.3992747696538,60.6101799470848,3,827
-23.5586273051861,-48.8892678847418,1,828
73.0126679011624,41.5367453260503,1,829
-39.5194545097762,-64.1081626921196,4,830
68.1489037561039,23.518811355703,3,831
-37.9430739388349,45.6160784969905,3,832
28.3137290068543,60.8532741384477,2,833
28.4871997882438,38.5991833395902,5,834
-58.7190714547721,84.4452953763614,6,835
-31.203256780253,22.4281028427359,1,836
41.6288449973282,74.9836665658166,2,837
-29.684429309709,63.8771641420714,5,838
-7.6296627879437,12.827456251279,1,839
28.1374129443682,-66.8937901350739,1,840
74.9586279058943,-34.8609282001929,1,841
-82.3736215847943,37.2533278597728,7,842
-49.604915119425,-17.8786045962263,5,843
-66.5555093594226,19.8585018575023,3,844
-82.4718724591958,-22.5607325399587,5,845
9.67501072236788,-24.919526449084,1,846
-8.82512494083779,-15.756950252505,3,847
-34.7333397258668,-17.3340574611748,5,848
-3.90570730493461,-58.6440116193946,5,849
18.0888479332422,-53.8970196153532,4,850
52.2917652863264,-55.4705933936306,1,851
-16.8389910890971,4.16092934859499,5,852
-20.1183629435905,-32.3434892259416,3,853
-23.0523327222777,-37.852723477928,5,854
59.765771286608,33.6532554564908,4,855
84.1690921344945,-14.8417617150526,1,856
-13.4815461500428,1.90941381380858,4,857
35.5956710263775,-82.1117483080599,4,858
49.7151076364057,-101.232485993854,1,859
-15.3812768163216,-102.900293510672,4,860
16.4704424425855,42.2602464663028,1,861
17.8747468671568,74.8316806124585,1,862
-80.616393767952,16.0700861925453,3,863
-90.3834066741041,-31.9636378054405,5,864
-45.2911382898546,68.251748534566,7,865
-93.2066975724852,-30.6242300748945,1,866
-12.0074428222311,7.6795969168245,4,867
8.88920460318861,-10.6952843419305,1,868
6.84831715079589,37.172606746024,4,869
-36.6538333139977,4.64116671261387,4,870
-39.3486557164649,3.29947477433142,5,871
13.0718576027473,-6.98098491835351,2,872
-14.1771609698383,22.4507753086094,3,873
37.780297754463,-14.9634329401127,6,874
-18.913849640862,-26.1852246132038,3,875
14.6308362186662,61.7673991940134,3,876
14.4570953092366,-93.7508343469485,4,877
11.2183360226149,56.8442488471138,5,878
-18.4508209814955,5.44694503359714,5,879
12.6269396785681,-58.1023298539001,1,880
47.4271733306242,-28.0351213210567,1,881
42.0248551334758,-24.2801005033928,3,882
81.8450489410084,36.4977081630174,6,883
6.26634367043883,29.4614309153912,1,884
-10.5049467239907,42.4507271602148,3,885
-40.4653711748432,-62.7813193950376,1,886
27.5249193055013,-12.4584015823026,4,887
36.2911092728948,-81.6391899244303,5,888
30.5907409416459,5.96793209669809,3,889
-109.995186407302,27.0231676818874,7,890
46.1059083756116,-14.6830077178712,1,891
-3.75398612812371,96.4496374216156,7,892
11.8858668398656,20.3800413918611,1,893
-19.7441944117819,38.6608161388624,2,894
27.7545653675066,30.3281155468649,3,895
20.8969324165782,-18.4075453065764,2,896
-1.82375363399845,3.1040353052358,1,897
87.3145602747027,-4.24728866233741,1,898
106.113890575003,-89.7540345468099,2,899
-53.7705959303849,41.4703873320299,2,900
41.6130984711336,32.3933748883076,5,901
-8.54141986733611,12.4840985501855,3,902
27.616452858061,21.3023420045068,2,903
43.0270269347071,63.9832195851563,3,904
-3.2877237633355,-63.9392069863781,1,905
-90.4465924822311,49.8313270099702,7,906
-44.875278320657,-21.2512299247137,3,907
-38.3466289417188,-21.2748172280977,3,908
-31.9688268848074,-8.28124046645412,2,909
-103.241946861716,-41.9195518957447,3,910
-36.2146960183204,-5.89452623400169,5,911
82.2576133934396,78.5848709056068,2,912
-89.3423435119352,58.626088967647,7,913
-3.9504588208834,64.5752684689632,5,914
-15.9819908792943,12.9753983456893,2,915
-0.107086959019614,17.5910685091179,1,916
-52.6276020719794,21.1837027251518,3,917
26.2438157951154,-8.90498928090379,1,918
49.3981118927197,-6.6893406569184,6,919
-71.7532395074242,30.7242329001921,4,920
-6.94863533132883,-97.203747059723,4,921
16.6835938337535,-48.4566555421779,1,922
-24.9921370238318,-31.3274022530227,3,923
7.43302817867288,28.5858972565667,2,924
-70.3045851187207,47.2443605655503,1,925
18.4415313776375,-15.9732309107327,3,926
-16.0627558487955,102.846470072243,4,927
29.3428632851163,-22.4156681709933,4,928
-75.2630281887901,30.9056829320859,5,929
4.71618934648872,-14.1620561894421,3,930
-49.8343325029838,-16.7349374876903,4,931
3.68478289659254,-70.1786943090438,4,932
-32.2512237322463,54.2410009466011,1,933
-17.1455313248142,2.86030657122965,4,934
11.3512265811716,-15.3511889430048,3,935
13.7484158358349,7.32880441248798,2,936
-67.2103705189082,-21.8419764835977,3,937
19.0016001188667,100.853044243397,7,938
24.9127013247523,-61.942919403545,1,939
-16.7886214948212,34.6761475449706,2,940
-44.2985770429509,-27.9030898408876,1,941
30.5109945589797,0.91021443673021,3,942
-13.0949649840922,-49.6366188749874,1,943
-2.71252001939667,-39.606349400971,1,944
29.3272067353684,24.1896127054324,2,945
-20.1577654811017,37.2579644394493,6,946
-24.7263631439714,-42.6897565560607,1,947
-14.2063438381291,-15.5120760544512,1,948
-54.9893741810608,15.9071954230412,8,949
-52.2375281718701,23.6188784051918,4,950
-47.0286657177112,92.9173440603751,3,951
49.4951213254339,-50.5557767041384,1,952
53.2101457188639,-34.9492490820337,7,953
-3.24877955416362,23.7993341598098,7,954
87.0551000994772,49.967472760558,6,955
93.6657870412843,19.2285415229809,2,956
39.1372153045317,-80.8654926056533,2,957
-23.7767710867238,72.3350706409038,2,958
-70.0181606643937,-4.03919049036678,4,959
-25.3773599073131,48.0531479745808,1,960
-17.4514327643751,19.8863968503061,3,961
-29.5920117735653,-22.421542795428,4,962
-26.2638851461258,-10.9508583527819,3,963
47.1293513080214,-38.8038372607053,3,964
22.2283770522858,-108.622381771209,4,965
-52.5444217922139,-33.8730388575088,2,966
2.59066697148913,-53.6343103080492,4,967
6.8220590493204,52.5315380892295,7,968
-90.9875575954634,-10.4244780403858,1,969
-82.826263527755,-10.936914413523,1,970
-54.8551219341666,-4.61965215923728,3,971
-12.3549993823935,40.5708758576276,6,972
24.6759207328884,5.90256149954454,2,973
67.0566775082172,77.8555281082326,6,974
8.3441309721526,34.8194258513247,2,975
-29.8012695697014,3.47451315712656,1,976
33.2494683332445,-5.47432709862793,5,977
79.9262917126804,16.1377603874498,5,978
5.22621725845608,81.6926568650651,3,979
-14.7142695105412,11.4284738902675,2,980
21.3115614662857,-53.2743117051382,4,981
4.81757425561511,22.3524874927939,7,982
-52.3173585319257,65.481421311463,1,983
-4.55986398612048,-72.3056199611222,1,984
5.86961781241738,12.1065083303023,2,985
-19.4259205280412,-21.1028480416569,2,986
-7.4669574771539,-53.634239341558,1,987
37.1469661552745,-20.1962312350146,1,988
-29.5499525083112,-110.458373163264,4,989
-13.6872450731049,-90.4964776211117,1,990
-7.30983095927302,10.9995412616451,6,991
-64.1864115287474,48.3847266702829,1,992
-52.8205447907539,-12.1071671054886,5,993
-80.9869736349145,104.014601061086,7,994
36.1727608949623,70.6153921449114,5,995
-55.0268108559427,74.2690383979727,5,996
-3.24176871266043,5.56946909710374,4,997
-16.4499111070481,-7.21243792014438,1,998
-19.9336798548436,-9.10019849739512,1,999
100.452866565562,-23.4519988678686,4,1000
63.1006567928074,23.5349243396966,2,1001
66.3642733648627,5.15994150245984,2,1002
40.3098897511067,58.2967630531332,5,1003
60.331809036823,-18.3141370529746,2,1004
42.9305319258987,17.263580138556,2,1005
-25.4227431552955,18.4910638549035,3,1006
35.6396193544968,-19.9775930944805,1,1007
-52.7903971248622,22.8423848330251,1,1008
-66.9048272799096,-9.22745809828866,5,1009
-97.4074979306314,-76.7994475196907,4,1010
-82.754116959752,-25.8834015518934,1,1011
11.0778274158788,-50.4419549576296,3,1012
-64.9263702097014,0.377180780661112,1,1013
-13.9211482162251,-52.8800132709229,3,1014
-101.59557885093,43.8497539917837,2,1015
34.040748015109,-33.0922062323529,1,1016
50.8068070022573,-9.21494126251415,1,1017
130.124552306291,18.1189607814973,6,1018
-5.08543322925292,92.5586423839111,1,1019
-23.4352082541721,20.5513517710624,5,1020
-21.3190439797314,139.979590240802,2,1021
-8.54119595392991,5.68907840930293,2,1022
-79.810598764623,-5.45982742087343,1,1023
27.2556061023283,-17.6264059686732,2,1024
54.8337972068296,3.26763491596254,4,1025
-53.9147756700263,43.9517572475962,3,1026
50.2104253320219,16.8802077212204,1,1027
56.4587499792006,-97.6556800681224,2,1028
-31.7149206603631,38.4423835024523,1,1029
63.1252982484959,1.90445310755609,6,1030
39.5524617862883,1.81394230145796,2,1031
-9.50298904241967,54.5713294391871,2,1032
-3.52560152515286,47.0662489324169,3,1033
-12.7819612899369,-29.2232539274872,1,1034
-52.2498538642292,25.2776506244417,4,1035
0.920373498377682,28.1536724540857,4,1036
58.0833946762268,12.9913942529428,2,1037
-16.5263421146965,6.63358074187849,3,1038
112.668229544221,-12.4682500362843,2,1039
-41.3651320363292,-33.1747741113313,4,1040
0.963507755297076,-20.265582716889,1,1041
22.8225572995244,56.0260751377223,3,1042
37.0727303579974,74.1556549506037,3,1043
24.4788650756853,-19.428914521122,1,1044
94.821755762807,6.58812192136825,1,1045
-30.8034702009656,20.5904910275755,4,1046
-4.20536697806278,12.9952319112992,2,1047
-41.3454201044405,-72.7207364137352,3,1048
-11.4844683771305,8.66364605483278,6,1049
15.1709122214159,-11.7543347451913,4,1050
-62.1999126614862,-6.41471999883774,1,1051
158.780186079948,36.2651755079755,2,1052
32.4557603182024,-15.3110599035124,2,1053
84.8168946920124,80.7607486539154,2,1054
-0.865487075952058,-107.097050155307,4,1055
63.1121909755731,-12.1636800382668,6,1056
7.43421614074858,35.148414156279,2,1057
-43.0147527099102,-8.26244513037897,5,1058
68.5643517575124,-118.987419205264,4,1059
-36.60747607919,-26.9802228182677,3,1060
83.8313672018767,39.3121709191822,2,1061
95.566299654388,-0.600432669564096,2,1062
-7.87776428156597,-74.1499742761006,3,1063
32.0858011527858,-112.749318962542,4,1064
-91.2570225827196,60.7276413320515,1,1065
12.9035648724956,-43.508121879266,1,1066
51.8526898802574,-11.7910350905156,4,1067
-23.27680695227,23.2651839958044,1,1068
-9.89231215229266,12.9490491955647,4,1069
38.9259828488615,-16.0498304314903,2,1070
-74.6145706918732,-40.893016624051,5,1071
-19.0894376343762,76.9545283837076,6,1072
-96.7640777092638,58.0426260456326,3,1073
32.1971800090003,92.2457123169685,2,1074
-33.7777097878875,16.1596653632546,1,1075
-6.38595337931423,16.5596212420296,3,1076
24.7050057730344,-66.6199093029242,1,1077
-11.5206646956216,75.2950295786124,2,1078
-25.9571421067238,112.357293469683,2,1079
23.4403284052144,-43.5146448968602,5,1080
-27.6900108112696,-126.366255752698,4,1081
96.8174945717046,62.1120231512929,2,1082
-33.9741154714912,-31.7826113775351,2,1083
-37.5128664810407,-70.9443236862807,1,1084
15.0492471395268,-19.1915897620755,1,1085
-3.75050639703185,-61.0418301397069,4,1086
34.5926672824915,72.2418728053047,5,1087
31.2234341730448,60.7304397799532,2,1088
7.86256039022977,-56.447177025609,5,1089
-2.83432816687559,-43.1870208848347,1,1090
18.5438967126059,4.29609445309971,1,1091
-29.185554229849,28.397965518592,2,1092
20.5851007944162,6.96381346385032,5,1093
3.6535971158796,30.5155107975718,1,1094
-43.7001392396014,-33.438219708969,1,1095
-28.4558544368201,-9.51639464232825,1,1096
-14.5466542245519,-16.2062619097795,4,1097
-42.7020751176158,-65.0421222100452,4,1098
34.5702595688685,1.74882572874502,1,1099
-12.4543532558533,3.89519533032528,6,1100
44.3906924477586,28.5327002596489,1,1101
-41.3842703908613,26.2675686828462,6,1102
-82.4504554491401,22.1891811437953,7,1103
50.2522598882634,41.4874203025341,6,1104
-6.58551932777751,-40.1337741628401,1,1105
106.368956316395,37.4450651057674,3,1106
38.1510903149051,15.2785965825669,2,1107
-23.5728777162815,-18.4706569976258,1,1108
-18.9619590809823,53.9497427724199,5,1109
-27.7119375657048,-36.2418111625034,1,1110
-22.1434606589135,-70.7377348149067,4,1111
-76.829705274478,40.6639899644357,2,1112
-44.4481520216163,6.06772638568338,3,1113
-31.8720770860707,-74.9298479450249,4,1114
-24.9732270069311,-26.109070701983,6,1115
-2.42358995369218,21.8922525649675,1,1116
1.73773000452983,-11.491293050753,4,1117
-33.928770452333,-24.1454396835547,2,1118
16.3092408723135,2.76579711137752,2,1119
30.7873745624326,61.1627538381205,2,1120
3.12044852309997,-39.5084997493477,3,1121
-8.80068362386779,-39.5036767977325,5,1122
-12.6263589193872,-26.7012469340557,3,1123
-21.2178571352789,-4.67041030935545,5,1124
-72.505450683151,32.9732012645148,4,1125
90.275044105374,-51.0245221849193,4,1126
31.7002329364548,23.7934482076279,2,1127
5.57273136406527,14.9567249450241,1,1128
22.9822550457177,-22.8027694518168,1,1129
-24.2417391883493,-64.1118309248009,4,1130
79.456724835943,34.4934567063352,7,1131
28.1602383127367,15.0140628280393,7,1132
-22.7562612161779,-12.9227179134491,1,1133
-36.6717774067825,-2.51091421649529,3,1134
2.12746761508964,15.6845245114129,3,1135
54.4728689336744,-35.5009691481722,5,1136
-23.5051982480538,-25.8165078953075,3,1137
-8.70127689851582,-64.2359982475798,1,1138
1.18465435784439,-15.4124766693179,1,1139
-50.3702361950117,-64.6215984667453,1,1140
-9.03405845435644,9.34966053172795,3,1141
-44.050195465508,63.9551905865644,2,1142
-27.9271148581336,19.6868449596997,5,1143
37.3765058069636,-51.6951933969037,1,1144
-48.9064654057133,32.7467017315775,2,1145
4.48697906202202,9.30869159653419,5,1146
-41.2350878574557,-39.7161585566747,5,1147
-4.0935721914768,59.6800774599218,3,1148
46.3587876545246,11.8973415633036,3,1149
-21.8260223348609,56.8760634854496,3,1150
-27.3684565699425,-1.02545187663595,3,1151
-4.97890205095931,16.5385435667685,2,1152
-19.2434450165305,-51.7930390533711,4,1153
-23.6145709076578,-23.9520400405206,1,1154
-43.7639639756057,20.7577047560831,5,1155
85.5107804860678,11.2535584175243,2,1156
-100.754399264997,7.14457920665434,5,1157
36.6160506650829,4.75687078606857,7,1158
24.2045769599175,10.1706364625992,2,1159
17.2600734210973,-87.6243135608377,4,1160
55.9240610930296,6.91534362897515,1,1161
104.128653727877,37.5858713755829,6,1162
24.8527909352347,50.9634995390068,2,1163
27.5637955593179,65.0501995984909,3,1164
-32.5387612258997,26.922443173183,4,1165
-4.38135566822266,62.7011555810295,2,1166
-62.7891030529876,38.5138159548468,3,1167
91.5932863162655,36.7957049906039,2,1168
-23.5697272293286,12.0570080097881,1,1169
29.9087236755147,11.0384009135384,5,1170
-95.4722215856178,14.822749963689,1,1171
-74.8232097656066,22.987410918779,3,1172
47.6985051350844,61.624848509148,8,1173
-63.2019117722321,48.8282325064854,5,1174
66.9861428559941,-22.3760995736849,4,1175
47.4321131537478,-23.1723494095029,1,1176
68.4278155439504,60.7811858215853,1,1177
0.641422094373687,-50.4291685329148,1,1178
-36.9693992438921,-11.7124153433337,4,1179
22.6608457185888,-7.02255956220506,1,1180
-40.0167545207681,-66.8639461599252,1,1181
-14.2573008129936,-36.9889298132298,3,1182
-1.43953148395183,55.440635781683,3,1183
21.7732322601157,-55.9820633640015,4,1184
12.435828547979,-15.8896665539939,5,1185
51.1390304789187,41.7216559713377,2,1186
-46.0689064599135,-84.7592328765999,5,1187
17.3550613208002,-20.9345381104877,1,1188
72.291427903304,-4.52372080694668,6,1189
5.83256171456713,43.8399056162586,3,1190
19.5280270021739,1.91559143571781,6,1191
63.8418183372659,-37.7727299872057,3,1192
42.4335788533448,52.4677575772465,2,1193
-1.63650159169267,53.7678239924059,3,1194
34.665040773768,-37.2548760267902,1,1195
30.6255564629473,48.5255866171752,3,1196
-27.5822745823054,43.2025042302548,3,1197
-38.6725625313327,-111.653533879209,4,1198
-81.3573996354258,-13.9932635994133,4,1199
-7.91095367258115,-15.6308928349695,7,1200
2.433455733493,-15.2596716624268,2,1201
-1.77252545545769,9.57957894175721,3,1202
4.48261184007179,11.0054907981539,3,1203
-5.54443137276915,2.70594980002767,4,1204
-63.3273403171325,47.7107189274487,3,1205
88.1849697332118,17.6596322609614,2,1206
17.0258149380822,-116.004213178959,2,1207
2.71242081001103,59.9854266309371,4,1208
-83.3189114902283,63.7128441786609,3,1209
-119.823719890221,-23.9383619955316,3,1210
-0.500968228723361,5.49744958322613,1,1211
-107.708254410157,-26.1263345370104,1,1212
58.5911557913157,34.7729139598996,2,1213
-24.9296198330439,9.72400379119515,1,1214
-15.7991659736303,10.5416596722502,1,1215
34.90891178012,-16.5781509456973,5,1216
70.7636253169107,-47.1352675476993,2,1217
24.7936889794733,-4.69423195753137,3,1218
1.80083270674155,42.7040053704871,3,1219
-55.4752255794541,-10.0577233475617,5,1220
18.8772881108284,-21.4281058247164,1,1221
-101.702704244351,-43.4292281289252,4,1222
33.2700162963504,54.6937089180029,3,1223
-90.4440448064515,40.2932755441391,5,1224
76.7718516385758,-25.8409730220583,1,1225
-23.3907376107631,-16.4826818530366,1,1226
-28.031716434012,-30.667119076287,2,1227
-11.7724859576621,86.6255716358304,3,1228
14.2395661907396,-49.1395683456647,2,1229
-22.2057203238324,-26.0496807023643,5,1230
-27.0957345485252,84.7315350306605,1,1231
43.9742609317134,65.6918318842415,6,1232
9.0358514493794,38.2703934267575,5,1233
-12.042872181456,69.2140376159368,2,1234
19.0231536749888,-27.6217703188347,1,1235
-66.8658228497488,25.2668453126498,5,1236
-8.4646385324412,46.3329692506262,2,1237
-67.7681945229797,144.412541267644,7,1238
-35.7166909988989,-88.5000374973739,3,1239
-70.8710428383696,42.0401081452198,7,1240
-20.8011351178891,6.06980823912438,1,1241
2.60345345855414,-76.3648433011917,5,1242
-38.3077387336242,42.1094769503467,5,1243
-15.6126856419586,5.15817758419106,7,1244
-0.92428738293652,21.0063783224185,1,1245
-3.7102476910215,-25.9493554858757,3,1246
-90.1651559391497,-15.6530999392684,3,1247
-40.8785652469684,-30.3432213563187,3,1248
17.0942470789243,-13.8187263347434,3,1249
-46.6472193194018,74.3965272721039,3,1250
-58.1267388971132,32.832508751184,1,1251
-16.3636629525395,-53.5105044412825,1,1252
23.921658267007,9.33744295255114,1,1253
-11.7394273408185,82.0437756757277,7,1254
-35.3957179982737,-30.0003333161241,2,1255
7.70269019649595,-4.86490244211151,3,1256
33.0942976731861,-7.64396416445084,2,1257
9.34950095749439,12.4544523979129,2,1258
4.36637498434963,25.0686381656664,1,1259
8.79319145647631,-31.7729574781398,3,1260
-78.6244909314567,-16.7590160787451,5,1261
-29.9772772789415,-16.6818635373915,1,1262
52.0751393808484,-41.1409387839424,5,1263
6.44976578108208,-55.1015990334963,1,1264
-3.84525472442544,23.9038978161282,5,1265
-14.9700226458669,85.375100893423,2,1266
-9.75847806764541,19.5619691515505,3,1267
-45.1229653472868,21.7428848210543,7,1268
106.977970756925,13.1288214905659,7,1269
13.8749989160639,40.4146648565143,2,1270
-30.9076473983453,55.7836060820757,7,1271
21.5554253525434,-26.9671876983157,3,1272
23.5206652768704,54.5423422755113,2,1273
-34.3338375821668,0.585380023973771,5,1274
-37.9051776219996,62.5303143596792,3,1275
-26.8773042722638,99.5348174870437,7,1276
-50.5077449269177,5.45374069638791,4,1277
-45.9327670057522,-12.7154015975895,3,1278
40.8514760694101,12.7113669328098,2,1279
-17.3319978837964,106.606838706626,7,1280
23.2766352190853,-30.9436896693943,1,1281
38.7205635744506,-19.657753596861,1,1282
34.7327871959424,5.25185037245267,1,1283
-97.3746735012081,30.8092423152813,3,1284
42.8757182337857,57.3843386328325,2,1285
-98.3875716239607,-23.5778626190018,4,1286
-27.6236666102013,-65.8797589102869,3,1287
37.2379933968394,0.719538011967414,1,1288
-44.6700813176415,54.3389517794285,1,1289
62.3653592914872,-11.339767547898,2,1290
80.9773002940192,10.3811103913992,5,1291
2.88241631162293,-54.8556589241796,3,1292
38.1038417149256,23.2507274570477,6,1293
29.3121164131522,-55.4056877625865,3,1294
-76.5622135014549,-18.2248559629752,7,1295
35.2848079501289,67.6251715287402,2,1296
39.4688386068615,22.7634180406812,2,1297
88.4862048650189,-22.7351480480858,2,1298
-75.5361930738113,-49.3953502493342,3,1299
14.730005154089,-41.0367879642139,4,1300
-14.2038930841328,52.7171546966172,7,1301
5.29623798633138,-25.8970384708809,2,1302
-108.826034852334,-17.2491394587219,3,1303
-55.6696773193933,61.2202404829581,5,1304
-46.8769854872057,20.0834094538017,6,1305
46.9916143030122,2.71760849210219,3,1306
-32.4670855744905,13.7084450341114,3,1307
-70.7729018488873,40.0419836662497,4,1308
-51.3571201558022,-0.333945521267184,4,1309
-15.9799267460897,45.2830303021791,3,1310
29.596930606123,-0.532910014223319,6,1311
11.3511400358022,37.2977859889338,3,1312
-43.9689243816167,9.83801723388341,3,1313
-60.9241879071561,73.1822633738788,7,1314
6.30744713263886,-72.2874366691815,4,1315
6.55935404225534,-86.5226965862365,2,1316
55.7868971772157,15.4006529058744,1,1317
-22.818263869744,33.4844783029859,2,1318
-24.103705493326,116.957972250773,7,1319
29.6734674795318,89.8638232303791,7,1320
-30.2427936021625,-2.46370526320152,1,1321
-76.8814025896587,-68.8686395450907,1,1322
-19.520966478651,2.77254757353418,2,1323
-43.6642679216459,-6.85601241491936,2,1324
-61.0226584122334,41.8029182658649,1,1325
-82.753901314275,23.5953208899393,3,1326
26.4882179538922,-14.0719797053727,1,1327
-6.28299840389904,43.6898972938459,2,1328
46.5082796033705,-39.5389946354835,3,1329
-30.7474133709437,-60.236748813725,1,1330
9.17656382385754,5.13630437564087,4,1331
-65.0961623707047,39.2455005167722,3,1332
-4.41468721275104,25.7908061591603,1,1333
-91.7824994397691,47.244417914766,3,1334
87.2247339787861,-9.55245427013454,2,1335
43.5257648151075,31.2308964719442,2,1336
-45.2625309952736,9.48372601047486,2,1337
-59.4307192634822,-24.461239918958,1,1338
-62.8821189399871,41.6978931910088,3,1339
43.2254412953418,-4.19759609786331,2,1340
-12.5723506208577,-3.86718612023235,1,1341
-44.9686528944016,39.7424849209729,3,1342
40.9156381863886,-0.313959052182727,2,1343
54.9415183973593,-29.8962001989132,1,1344
-4.43688948634622,6.04604870111359,2,1345
-25.7731135849035,48.3355567136,1,1346
39.6703308566733,123.068066669458,6,1347
-44.7675939736582,15.4591227360817,1,1348
-45.5792494441037,-61.6749808181116,3,1349
-23.433839955347,-59.6936515086419,6,1350
63.0855360659874,39.1804843003796,8,1351
6.23828689063623,-12.4541958380612,1,1352
-20.214128775096,67.3069330351597,1,1353
23.7621788372575,-43.7755146424189,6,1354
-15.9869680800504,3.56108250451055,2,1355
-1.6307229047649,4.75158373711274,1,1356
2.49300700175505,0.637113411955275,2,1357
-37.3317944221877,-30.810607512067,1,1358
-98.9186697016641,-37.6388135897203,1,1359
-10.0425895386337,23.6160087492832,7,1360
-108.133910752636,92.6500892564607,5,1361
-73.0261253645354,-10.2525056868999,5,1362
5.85490907864129,13.6121852715326,1,1363
5.31419125314113,-2.27394067360566,1,1364
-66.4709052551351,-26.6542105507178,1,1365
66.6160362660844,12.7893186146231,2,1366
4.66458991270163,-56.7352028023709,3,1367
16.7706676012236,8.56719488209053,3,1368
34.3356855365093,-15.9960735098964,3,1369
-50.1437410202732,10.2008388056384,4,1370
70.4317713975434,125.060553484361,6,1371
18.94474683946,49.4784154458567,4,1372
-35.7659117367822,79.6863976188982,1,1373
-7.31947286065383,-20.1350007922382,1,1374
88.709190758285,-95.9361467220044,3,1375
-25.0503522809292,43.2214572741777,5,1376
5.92382471647801,2.93582198348762,1,1377
37.3996897280104,-6.82256606485862,3,1378
-55.9605642986633,3.68456306057632,7,1379
-23.7477113734173,-35.9655155789521,1,1380
-35.7006127189569,3.56255603877905,2,1381
-63.169345806386,15.2502754372177,1,1382
27.3559035996461,-6.26317211185513,1,1383
113.528123879171,8.03774807750351,6,1384
-16.4211430135292,-14.0162098793012,5,1385
-40.4460186691448,-11.4727680526118,3,1386
-112.277731803622,-2.57741756487674,1,1387
-17.8931010078485,-1.36594806215556,2,1388
0.985587911808862,39.4054459334846,5,1389
57.3755075222215,-58.2824779934791,1,1390
-139.258990294544,-30.674659422163,5,1391
-8.2149474105162,-56.2462903919209,5,1392
22.9197358958479,56.8112142116127,5,1393
-53.2589910697758,-15.4290432426727,1,1394
-45.0002094542132,30.0549742116997,5,1395
14.1183677636187,11.1690711690935,3,1396
27.3634764873637,-54.3155407390619,4,1397
83.080546742978,40.1822769232547,2,1398
-1.91510768477926,-59.3737374030076,3,1399
58.5668145477856,-66.323437430194,1,1400
-30.1283350456009,-99.8275129902727,1,1401
56.9938420417931,-1.02977655883406,2,1402
-4.33337874130447,-60.303370816972,1,1403
-35.1097802135577,38.0057944794327,6,1404
-21.1820881539018,-40.2511679998372,5,1405
4.35926233790672,-4.40268645332692,2,1406
61.8138360353351,11.4681878539094,2,1407
-9.18338447961126,-58.7499963397472,1,1408
-16.7600418283274,27.5191990756079,1,1409
22.9606907184419,-2.55704121832363,4,1410
-43.3421428375594,-20.7122952351074,1,1411
43.6627681905963,-2.00694097185616,1,1412
23.3143027473418,-4.72999330322834,1,1413
23.6700745478846,13.3084875556339,4,1414
48.3964357221871,8.90856677194038,1,1415
0.0317207045935438,41.9561283100681,2,1416
20.4879901714344,-114.435220414734,1,1417
31.8552665642782,53.5794737757317,3,1418
-118.504043650163,-24.6105912779061,3,1419
-50.4401892504417,-38.273487604802,1,1420
56.4368726644696,-49.4718323419901,3,1421
-4.03878318575939,23.5828164766793,6,1422
22.1154317774642,-78.6536788822089,4,1423
-1.07764349750532,-21.8147527086413,1,1424
33.9500089758859,-46.2702882854679,5,1425
-29.763338118722,-12.694230037589,1,1426
-60.0270391243278,-1.17857844557321,5,1427
0.0736712462200899,37.5258612980744,2,1428
18.4361220538396,33.4110148993645,3,1429
-12.867296905525,-14.1324193485357,3,1430
-11.8789113015359,53.6491416293058,4,1431
59.9520929783668,-123.895882015647,4,1432
112.006813842695,-4.7001249407929,1,1433
16.8722554003382,-24.8098670028936,1,1434
-20.0536950274886,-30.1825374645241,1,1435
-29.3475351040488,31.6808241003745,1,1436
-58.3824448933557,-8.1576914479055,5,1437
-61.9301827861581,18.5770895606407,5,1438
-45.2998428522581,25.2780567381818,7,1439
-50.9591257185903,-96.5846762789572,1,1440
-72.8861799029934,-11.5911028817915,1,1441
4.09052444051714,37.2810956598984,1,1442
-22.2798193509359,-55.5318727416672,5,1443
26.0716323196198,6.46456638312654,3,1444
47.4666521994746,35.0347378463851,1,1445
-11.9810770055465,54.3826871486292,1,1446
53.3481224112569,-13.4854613831047,1,1447
-62.2939275548078,-30.4509560867612,1,1448
-5.89622131369098,-10.8208346489025,1,1449
-24.5912016905461,58.8121599806897,3,1450
-12.4918581084601,-48.5331497625877,3,1451
-33.5751895423201,62.4659969480967,6,1452
4.08849108801648,9.22875861194364,3,1453
-30.4377445010175,10.0322317475608,3,1454
-0.89604755048877,43.2121837883131,6,1455
4.89431107311258,-13.0595918838358,2,1456
-3.15269802014543,-5.89379263180817,1,1457
-21.946033605157,11.0941920395265,4,1458
-68.0096597485175,56.8947861469017,8,1459
25.5021377089273,60.2155102001639,2,1460
-8.37574705723532,-0.290354604913062,3,1461
-6.8851399272606,-20.3885056085529,2,1462
-44.3919467345295,39.4339809041182,4,1463
-77.5669314519646,-39.912480911346,3,1464
97.7112329366808,-12.8180880044672,2,1465
-7.78891752581413,-7.13289233761492,1,1466
31.1813367709263,36.9800700720107,6,1467
53.076954756365,70.1199540126965,6,1468
54.3427780020467,-24.7464511811277,1,1469
-104.359528467374,38.3573670569097,7,1470
-7.68403570350847,-37.4274422828136,3,1471
-43.1379794307112,54.2270310274664,3,1472
-58.1821587449659,-51.875287868579,3,1473
36.6439389855108,-36.7822971708672,1,1474
27.6509074739731,25.6453907569397,6,1475
32.7404681599067,3.24135020834046,2,1476
82.3706854422438,35.6368313981352,1,1477
54.9702662825338,42.0189111311515,2,1478
37.709379954138,61.965823423204,2,1479
-13.4186035075537,-24.4105296498591,3,1480
-46.1512211811869,-31.1290385487282,3,1481
153.727502616149,57.8095667274497,2,1482
-77.255161362389,114.661665333779,3,1483
24.4769860698962,-10.7904549873888,1,1484
-77.8316479158052,-0.994692660952115,8,1485
-27.0530582745136,8.59484646009179,5,1486
64.7480281044593,8.94189189740965,6,1487
1.04384807244564,46.5911453859012,2,1488
-48.2151617920048,-28.866400174249,4,1489
4.55892486944337,-34.5387536106786,4,1490
-32.3313291034345,5.13423060225933,1,1491
-58.7980474557123,173.19804090609,7,1492
34.3156897493652,31.0883651487977,2,1493
30.1862952302522,27.5566275700176,3,1494
-23.4636290926325,23.9177699993645,3,1495
16.1690988913417,-9.63791392939979,7,1496
30.3966759557555,20.9864041886132,1,1497
-99.3140361745182,11.7142008834288,1,1498
12.1657713326388,-40.672321724018,1,1499
-13.2725012166613,38.1405050915698,7,1500
-18.9536184261424,33.2525828751157,4,1501
-41.8914437706518,-104.058246105549,1,1502
11.6233495162101,-16.3031238997343,1,1503
-25.6176957938016,41.0224573993577,1,1504
-48.7177896926549,-26.2547254117376,3,1505
-23.5593633519447,-65.8064733022002,4,1506
20.3841821878934,-0.865204031547733,3,1507
32.1715130888683,-37.7786412503899,6,1508
100.319438373526,40.972080501431,6,1509
39.0549678205827,16.0935992686843,4,1510
-18.8294703990784,27.2126293192256,8,1511
13.6932155023492,-7.41639370316088,2,1512
68.7819490865202,-28.9079028065763,2,1513
-30.5669094466056,-22.5263869686755,4,1514
-34.9519326349183,-3.66322433655124,1,1515
-45.5898412542586,-39.5116450705616,3,1516
18.3544926013295,-11.3336400256432,1,1517
-69.8163169272355,13.2588553408694,2,1518
-43.8966588638208,22.7691509188584,1,1519
68.7762255706616,47.0072915593699,1,1520
-47.1353463891017,-55.3146287389429,4,1521
-61.2113443925601,22.4401220290267,3,1522
56.439060169847,2.43588400865253,9,1523
-81.1055854504759,9.08013563697421,7,1524
66.1047687679344,24.4666607751413,2,1525
-19.7102458691661,-20.4775281495884,1,1526
0.675087553600587,26.2275999129432,3,1527
20.6481476322543,72.3483991559278,3,1528
9.77539352272001,-27.9598725764627,1,1529
73.1214472497209,-17.1500882051009,1,1530
64.4895010087943,-72.8405758132489,3,1531
24.3407575877632,31.7823860216927,2,1532
-26.5958643245987,-57.03509813621,4,1533
-15.8943227270896,42.3228555325591,4,1534
18.240425313039,-65.5770644634858,1,1535
-83.2288522296846,-20.6475490745313,1,1536
-8.2364631285383,-110.11449465604,3,1537
18.4983497204774,-6.10667291489236,2,1538
16.6365033859073,27.2773227926409,2,1539
-26.1198055045228,26.7432687652379,1,1540
-26.9117431241742,-19.278785151429,1,1541
-6.15769366132533,-5.03936026666588,4,1542
6.15355727481472,-46.84512752534,4,1543
136.610097293751,58.3631374976999,2,1544
14.3750886743975,-42.7413305266643,6,1545
-62.2964076498465,-11.9972703190039,5,1546
19.3188289075574,-14.6696481192773,3,1547
9.63761121671631,45.6898508603417,5,1548
-16.712240624011,16.3353619697392,6,1549
21.3360656273975,-19.0676338196426,2,1550
22.9767672467383,-13.8791748849558,5,1551
-62.8166349651814,64.1766608598409,7,1552
19.1003849989145,9.46940164772399,2,1553
-47.5590982918081,82.0473141027787,4,1554
-37.0646095230382,-52.8281403657492,1,1555
-13.745575575027,26.2555590007839,4,1556
-29.0392930375141,-21.3168455427354,5,1557
-39.8877515929989,43.3570060081148,3,1558
18.2969145282803,-0.939919220447478,3,1559
-11.7079303649395,-21.0922682166583,1,1560
-32.0543914215148,45.6744068782689,3,1561
70.2237441263367,-55.1993798535297,1,1562
51.3937844304878,-5.73828101341775,1,1563
118.407440641065,41.9410872955397,2,1564
-95.647619738564,123.364380051374,7,1565
-0.99047462021358,-46.053910540174,1,1566
39.031323077014,64.6968094909516,2,1567
0.445136197538231,32.5083880633666,1,1568
4.38984386075271,87.3883838741197,7,1569
72.8306820563994,-39.6634844143272,2,1570
68.3218695497492,26.6921157662251,2,1571
0.919147323348892,-55.7199665849631,1,1572
40.3782430738247,59.3814039457583,1,1573
44.1163783998524,-32.2387591808414,3,1574
-5.35917879598895,4.46779488171988,4,1575
-68.3915879662258,16.1893545627625,3,1576
-43.6969687625864,-9.31712170176245,5,1577
-69.4065021255684,-67.1939446232792,4,1578
-44.6666255776735,-47.3196716366976,4,1579
-76.3835805080518,23.9295583891596,1,1580
15.7651124576289,1.38826175893309,4,1581
13.6439870504819,53.3737039654094,1,1582
-16.0388212188424,-6.66426692434962,4,1583
-59.436357871915,60.3103687107831,3,1584
-16.4676211458565,107.801692557176,1,1585
-9.31033442408614,-16.0113059950725,2,1586
-13.827004962849,-27.7620092331048,5,1587
-16.4537886657033,-0.257298865199004,2,1588
19.8383459203214,-17.6782960067855,9,1589
-14.3200085964446,55.7149198980743,6,1590
50.8249345736583,-46.0067690283767,2,1591
35.3396031790361,-36.2867328277128,2,1592
45.452470684458,28.0150562797104,1,1593
24.1898111852382,27.5101141403171,1,1594
48.7343307582889,11.1398823849165,2,1595
-86.3030280085569,85.8979033198807,7,1596
-58.2977864765139,9.01799187636886,1,1597
31.3243276983532,44.7658564249149,2,1598
-15.6051925159546,-5.9746556927618,3,1599
25.2238085090306,-27.6123993553744,2,1600
79.6693444580093,-41.1558543072776,1,1601
38.9585746392144,6.3507073187222,3,1602
21.4166243498833,-13.4763032369252,1,1603
12.0759820722954,-63.955595846086,1,1604
-41.9248212403243,21.282025197203,5,1605
47.046375074595,42.0167585263513,2,1606
56.3602174907853,-14.9091954154963,1,1607
63.3096180833211,-22.6349416593638,2,1608
-1.78642232831333,-49.4966366355448,5,1609
-2.33350651924897,30.1140670517764,6,1610
28.1390835945335,-17.3304999312672,1,1611
-79.3827184176584,59.5034630285295,7,1612
-1.58773250329141,20.3746122375432,5,1613
58.3697435144934,-45.1449692933725,2,1614
-19.7711147429079,34.65116060498,3,1615
-38.9996623722983,-16.0931272184162,4,1616
-24.0656483307819,0.010454489196864,4,1617
27.6057843556667,47.3758579128752,2,1618
-17.0742667159598,-35.8236521168179,1,1619
-13.5232730843705,-20.2700064381629,3,1620
-71.7796808369644,50.7270808599925,3,1621
-145.714802589558,-121.630565760548,4,1622
96.9760382045776,25.9694386750347,6,1623
-1.535749230418,-14.972205344103,3,1624
4.28148273038656,14.9620347016186,2,1625
82.7925114975093,100.731669094538,2,1626
-23.9812648623653,-32.4590513697497,1,1627
-56.530770531666,-66.5159684663237,3,1628
-18.3054584772578,-10.2038259482101,1,1629
-25.4301405951267,-13.7771175451476,2,1630
-16.0918125003764,-62.5948983401029,1,1631
48.9625929943722,-10.0706313409668,1,1632
17.9546890405701,-42.9848549534439,1,1633
2.98806763855922,22.4538164283175,2,1634
40.5326410656538,71.0900955181185,6,1635
27.5091005741311,54.6242431832142,2,1636
123.210940947144,-6.07423240246774,1,1637
-9.81245124490728,-37.3443282191143,4,1638
-20.1583023752974,-66.3244356092943,4,1639
-56.0809221307923,-90.6392744499325,4,1640
22.695325117484,-127.339257241154,4,1641
5.70261166235629,29.6136378969811,3,1642
45.1675484257391,22.5000816723065,6,1643
-22.6539698013404,-13.7683913596109,4,1644
13.3580044136858,16.1737706299521,2,1645
8.63154570862872,-39.5298683016076,1,1646
53.8106035127547,-68.5917355891186,2,1647
-53.6843811508688,-27.8534569447898,2,1648
-47.8467277842646,33.094099325233,1,1649
10.3635163876923,-12.1659330071558,3,1650
8.75342017921946,-4.57890237471824,3,1651
91.5287440800113,2.86082247201303,1,1652
-108.99612614569,-20.3426936587525,5,1653
22.0297499846728,21.9554914670029,2,1654
101.942756450271,62.6360981969384,2,1655
-46.5884065226207,-4.09776193623706,3,1656
-38.3798000479895,-68.7139795168934,3,1657
92.9027209394784,-60.3369861006184,5,1658
-19.6633401491908,13.4293654600602,3,1659
-9.44904599706304,16.450547243838,2,1660
-6.39390243973569,110.137167920173,7,1661
7.90685812168233,35.1034829910855,2,1662
17.6071456040313,-1.00800469265023,2,1663
-104.919999078827,41.8878205211835,7,1664
6.97309006559089,1.54140979557563,2,1665
10.6613885199538,42.861100559557,3,1666
-42.7555068709249,-49.4073373180908,1,1667
33.5924878634072,58.4269660478156,2,1668
67.5774685068919,67.0261642875551,3,1669
30.330504762568,-18.6987780289867,3,1670
12.8889544115896,31.746485643814,2,1671
-90.5919160901079,-50.7631514353473,3,1672
-39.2134288021341,-6.5978043061646,4,1673
28.9355330886175,-19.2861964671511,6,1674
45.5648507288423,-24.1151015260032,4,1675
-12.9141197166058,79.6762719080326,7,1676
-12.887618821868,-13.4893273886888,1,1677
-20.1167521034141,10.1060985378954,5,1678
3.61221403162296,-14.1879388372654,5,1679
32.715157196875,-38.203080005963,1,1680
17.0387323538521,29.3241138054326,1,1681
-17.7641138002549,-22.046232512562,1,1682
-77.5725855516708,12.6590886892662,1,1683
-39.797271116828,-1.05605302653578,1,1684
33.0429231689717,-59.1027278377854,3,1685
5.78754187613767,-39.209676150699,1,1686
-86.9532751764803,33.0347058674692,1,1687
-21.4639175542824,10.8202799352502,7,1688
4.82244286194306,46.6262993008903,5,1689
49.70439140759,85.7806014087903,3,1690
71.322203896524,15.0013156262032,1,1691
19.5249439975193,-25.5102632682146,5,1692
47.9264081180758,-26.3529146133504,1,1693
-30.0117514330331,-11.900074710294,3,1694
6.60157146040223,45.0386259786758,5,1695
6.26967789771775,-19.9481909403542,3,1696
34.7434188546919,-24.5397032706803,1,1697
-51.6765077335602,-12.9294387011164,1,1698
10.1816142239534,-24.1714513222276,2,1699
26.4417305107923,42.0005136739553,1,1700
-47.2162126728134,3.99691739226005,3,1701
-16.6910313984706,15.7455825217244,1,1702
-82.6531010178201,23.9816200790374,5,1703
-29.1620187761353,-34.9665551938697,5,1704
48.5936235150968,46.9336957496761,2,1705
-30.4587680888093,-52.8693638255386,3,1706
-4.77109369783414,2.39607982700578,5,1707
-29.1933196314009,38.6924120693457,7,1708
43.6758481324075,10.0231620448415,5,1709
3.17299240232886,-59.2242901798112,3,1710
-19.8014951057662,-69.9448159541161,1,1711
34.1071914002491,0.96976368368441,2,1712
-8.849933968218,45.3600942229286,7,1713
44.2043847099159,65.5852978563737,6,1714
-1.29157729676752,-13.2049566184882,1,1715
-26.6897822776378,-36.1082389389069,4,1716
20.9386516818637,28.9059807015206,1,1717
10.0401259196862,-24.8173101845502,1,1718
30.5562889489806,43.9865811176436,6,1719
-42.0535481365577,-10.4843504902696,1,1720
-48.6274255527541,62.1583317517808,3,1721
-15.5955461167505,28.9876989441587,5,1722
-16.8911246226886,-1.18708671002034,2,1723
14.3982438301946,-57.1446710388478,1,1724
21.7165990979519,-67.7853102915028,1,1725
-50.4364096361216,25.7065659561626,1,1726
-31.0849384407526,-63.2700061568208,4,1727
43.8568855562421,-23.5456660684625,1,1728
-46.0891265064952,29.996312644991,2,1729
-104.167401851862,-46.2472788232768,1,1730
-12.3868620348784,-28.240770720079,1,1731
11.2186922085977,-23.2185002703371,1,1732
-0.946830193384065,82.8503977466349,2,1733
18.5230294482043,80.1517054295288,1,1734
60.0209567496204,29.3974357746014,9,1735
-5.24712873776348,-36.6880971362872,1,1736
2.18048747064236,9.62835329048221,7,1737
-86.0978436020069,26.0871630494127,1,1738
-43.8019031544765,-30.3185380065757,4,1739
-13.2233445333816,48.7928161116173,1,1740
18.6719310759534,-4.91856226001236,7,1741
52.5855616383218,1.88138239710621,1,1742
-29.5259916592116,25.6414915123803,1,1743
-42.7747867762869,-83.7401488371806,4,1744
17.3993967685568,-5.71636165987904,2,1745
-30.4462393154766,55.2795486418856,8,1746
-13.9973544762957,15.5803059785251,6,1747
37.7321419848757,1.26438261237066,1,1748
34.1894949486348,30.9447671244505,2,1749
-15.560499272591,23.4973290247818,1,1750
-37.3884272042233,-16.1234812144308,4,1751
81.7428598671325,-11.2299622588608,2,1752
-60.228834976331,3.08528909648213,3,1753
-15.0325165849935,8.58045456852192,1,1754
63.8706659067299,-26.7800534936001,3,1755
-14.4441970108686,-42.9046766101259,3,1756
-2.40684186971476,51.224180625304,4,1757
-0.384556925921732,-54.3846395418134,3,1758
-12.9266702869183,13.8265129841997,1,1759
80.2807708286454,32.5067387850821,2,1760
25.1696784033085,105.503881266577,5,1761
41.3138407727912,45.9946416944166,3,1762
14.3480403137646,-2.25997376552222,5,1763
-16.8327717830283,-5.15846398817532,1,1764
27.427581245193,-12.4967175420539,3,1765
4.32476459863268,135.986813600518,6,1766
67.0430973705009,37.0188544865423,2,1767
12.943035045732,-39.6786845460301,1,1768
-70.5553358262978,53.7911981944378,5,1769
-58.0874424668883,5.64348126353562,1,1770
80.1300756745769,38.7827927907641,2,1771
71.0037668227837,-50.6393238334706,2,1772
84.4787989017232,-26.1482206411263,2,1773
35.5869771531,-13.9806432272319,5,1774
-7.79467432973312,4.41847325000627,1,1775
13.4358695433448,85.3404754269113,2,1776
53.1499109070894,-37.5839571208826,1,1777
41.7818438587163,-112.234357917737,2,1778
85.3215392596732,-28.8156701075902,9,1779
-27.3942289140305,-13.1487475724404,3,1780
12.9846926077682,95.8275448881511,2,1781
0.734745371088157,18.0941624844359,3,1782
82.0770039558757,6.89783123300389,2,1783
30.8530217799683,-18.573161921653,4,1784
65.9410297483715,-12.2981359997214,2,1785
6.56571018756745,78.2141534293105,3,1786
-8.06938823989651,-13.6984808990703,3,1787
-52.0369350604016,-37.8746403763146,3,1788
-129.676258438106,42.7439702419918,7,1789
-36.4105696638479,39.5166307040953,3,1790
-33.6768057310451,7.24536743157201,3,1791
-64.4679338767644,-61.480040588056,4,1792
98.8435021944825,107.753963997647,2,1793
6.45230530562462,34.8458969961636,1,1794
9.00276960690849,-22.3607201175411,1,1795
31.8216992272144,-19.367102832486,5,1796
-35.592281072389,-89.5142536752701,4,1797
-49.4898308155898,-81.6708611490352,3,1798
142.159764694473,1.07679366020571,2,1799
-15.4842454920355,7.72406444784254,2,1800
76.7482296777701,47.5240957956433,8,1801
23.4187472929206,14.9148945670867,3,1802
30.1104231182445,94.5868582431786,2,1803
-90.8579030571391,46.7585343680515,5,1804
82.4807180854629,75.208001705447,2,1805
12.5511524093467,20.1898491040562,5,1806
47.7747044044059,-23.6945547892354,1,1807
-28.9083432339059,36.7516129223895,7,1808
39.7239314209365,12.2625881528594,4,1809
40.237842050952,-42.0453264408301,4,1810
-28.0386658095362,-44.8449629972232,4,1811
7.62596865016773,94.4521841135294,2,1812
-27.3156046584794,-56.0944736577474,3,1813
-14.929917959357,-46.8087817880863,1,1814
120.867878687939,31.066357263969,2,1815
-17.4877627705184,50.0297645824042,2,1816
-102.576816056258,4.66789087143838,7,1817
-23.7527345714925,-40.9614746667991,1,1818
-46.9202766299045,-32.0025452054052,3,1819
8.61497354434,-73.5902841759296,3,1820
-22.8478549863386,-46.9032776274753,3,1821
-78.1331926260969,21.3975619555467,3,1822
-24.1330485783474,-17.6268838196641,3,1823
-8.49408145325994,28.1882824702805,5,1824
51.512039794095,-25.0208466228988,4,1825
8.1784278808419,1.86960725698028,1,1826
55.2711451377103,-21.8606740155722,2,1827
-5.85285316336662,0.211928372649066,5,1828
37.2326924375817,52.2693627481671,3,1829
37.1985207201849,-23.8113738599515,2,1830
-68.4357993351694,44.9474620793006,7,1831
47.499854213315,-64.6113390150133,3,1832
54.1645669180687,-33.8135563123955,2,1833
28.5873573541237,24.5841497729299,1,1834
-97.8869595963492,-41.477181415544,4,1835
-20.9242370244556,8.14848251763611,5,1836
18.6151593058873,-88.5726315818303,4,1837
16.0415073510902,65.464881990076,6,1838
14.6723525961499,-27.0578941390342,3,1839
-45.4809774770845,140.506624928953,7,1840
16.5249350752504,-36.9892234107401,9,1841
11.5986068160377,48.3805788394099,3,1842
-10.6077612949375,-110.712068777356,1,1843
-12.6523376831792,45.2730262603378,3,1844
102.447936349777,-26.8883199572341,2,1845
16.1960466881315,8.97432786969679,1,1846
-27.6284233319093,-38.0995787259498,1,1847
-2.5489705617038,-46.7057075197196,1,1848
30.4430038079592,0.293999974087524,7,1849
-38.5897770271423,-40.372191083036,3,1850
43.1066839968109,41.0036595311187,3,1851
40.2363066083048,18.5884691644374,5,1852
-36.0907548141408,-60.1788780421586,5,1853
32.0803725853737,-85.4679522467806,3,1854
53.704371646153,22.4437722920925,6,1855
-48.1648736842101,-36.4523133337207,3,1856
-82.0606142470877,63.2610590099767,1,1857
-30.5915920933571,-35.7826791647802,3,1858
-43.2703791113153,22.3166936253514,5,1859
-37.5658592860832,2.88475425466829,1,1860
7.49656525216658,48.4138127548148,5,1861
6.08481536864956,-76.9177489885893,1,1862
25.679152356402,-28.6470283054172,3,1863
-146.629939514254,-22.8680270056373,7,1864
0.315370336914182,-10.1416683138546,1,1865
28.8367924323521,68.2040214643838,5,1866
1.27138443111582,-8.14657874296794,1,1867
-1.6549310700665,12.8455677400924,2,1868
52.402537512038,27.2726697181312,6,1869
20.2201758772626,-34.8765929142022,4,1870
25.1316742085835,-25.7315131100459,2,1871
14.0136091284712,0.242990409268043,2,1872
64.3384971598293,33.7728916695151,5,1873
18.8359744024276,-66.3319155675209,1,1874
-26.4886893138316,71.6109499595565,3,1875
-54.5849228352114,9.86005642533405,1,1876
-3.37449649860161,-15.2114341771812,1,1877
-20.9941623511398,-5.62178007599508,1,1878
-18.4430501305195,-46.8394987619547,1,1879
-74.2257679570558,72.1366769989032,2,1880
-12.9729976722115,-35.0861659114883,1,1881
-44.626335985427,-30.523731357161,4,1882
105.430912741062,-9.83823100457591,4,1883
-25.8437520750727,-60.329721668477,3,1884
32.9153973004211,10.1661374202545,2,1885
-2.43149781623302,-16.0494770307011,1,1886
24.0503960581601,-24.2855036378787,2,1887
109.46661787743,36.1262239317601,6,1888
-27.8753150113529,34.0893240620719,3,1889
65.7114259070266,-40.3211100087706,5,1890
3.05208697403704,-91.9316541889707,1,1891
19.2217292694212,-59.1760505008651,8,1892
-87.3942779229751,3.82260090107374,4,1893
118.733163975342,-2.59506408025476,2,1894
-11.9970503579355,-16.0643586161755,4,1895
40.9047954972728,23.9454132246183,5,1896
-52.1968629216816,14.6001976898165,3,1897
-30.8874148334969,-6.01942639577117,3,1898
-58.4352039298501,24.6796705763251,4,1899
22.7442397432709,-37.2330551623182,1,1900
-42.8006914150165,43.1713917648157,7,1901
-56.2701555956547,6.24363625634593,5,1902
-21.9088492542199,13.5238875180409,3,1903
-56.7776375142201,-73.8791933452907,4,1904
-35.9912791211042,-16.6771804084395,3,1905
-40.1316319693575,-15.0272842856442,1,1906
-25.6495680734256,2.69415099108556,3,1907
61.2585382107167,44.94562675041,3,1908
43.9194811286658,-69.3252976327238,2,1909
3.82577176610152,-56.8957592917806,5,1910
-20.0224193618173,-7.60357861682496,2,1911
-38.1610090420259,25.1310972761453,1,1912
34.3121257840167,-20.7036674089386,2,1913
30.2187929840764,121.229189265055,3,1914
-2.97772507935214,11.4271255738398,2,1915
-89.8515006075945,-43.3158743690301,4,1916
-109.00501819937,-5.59534886518062,1,1917
36.3142785145678,-18.0467089445749,2,1918
-16.5207240176324,40.5206302865936,2,1919
27.2113843234159,2.82315386425094,4,1920
125.043192179881,-17.205749662606,2,1921
-57.3462226971774,43.5173860762977,1,1922
-22.3774356723163,26.5424472531958,7,1923
6.12113332841127,3.08211874718594,3,1924
-25.7294432860119,93.46290471865,5,1925
-32.0510598873634,60.7252494467512,3,1926
52.0778597917099,-6.06240310772878,2,1927
-118.035839850166,113.952777317694,5,1928
-14.090150423949,31.0999954190894,5,1929
-8.11723896271833,-39.400243839312,2,1930
-8.49869335373029,-62.0620642153691,4,1931
-4.42511366879782,-57.7743560119029,4,1932
-45.4733961517658,-37.6122422613957,4,1933
48.4043547587887,24.3605963973497,1,1934
-66.5765543427288,-1.73054914830807,4,1935
88.9376180597359,-20.504078615505,2,1936
89.0102230910469,-39.2530441421586,2,1937
-18.5900592465316,8.38971449987218,1,1938
78.3495207103214,35.8160261366988,6,1939
72.8371494579956,-37.5574332467148,1,1940
-34.1899172563325,129.803437127736,5,1941
-5.53562184417941,-51.5676863015011,1,1942
-16.1877255203734,-26.6292046335505,5,1943
60.4722913474137,77.7515723922303,5,1944
-27.3220237020521,2.0559276013692,2,1945
-41.5178627944998,-23.4903018345814,1,1946
74.9698206008624,2.09791806246847,2,1947
-63.2842456341728,-14.4682655519399,4,1948
111.179837401815,-8.93082189443188,2,1949
-56.9786805688863,34.5972526459309,4,1950
28.764554131719,-31.0726201918134,2,1951
11.2340862813388,22.2719546567036,1,1952
46.0776658036836,75.3805858274598,6,1953
5.12417383883314,34.331055574137,1,1954
15.334371232445,15.4088942643972,2,1955
34.3122291279436,21.772868143852,1,1956
2.82166693105586,25.905670438296,7,1957
-47.6334991035653,45.6041076827952,2,1958
-25.3787505616098,-4.09450494012879,1,1959
-27.29774007654,44.095799233422,2,1960
-94.6120397775751,80.4511574033401,5,1961
74.5968488307844,12.9383893879123,5,1962
-25.4383773480411,26.8622971467468,3,1963
-47.0957390547724,78.879198984461,3,1964
40.7302096254354,-27.550662892696,1,1965
-1.2384841201686,-14.8002057433686,1,1966
-36.8126116002769,-67.8488396388369,5,1967
-56.6172151044098,106.375220259096,3,1968
71.4683850494954,38.7829872719498,2,1969
29.6286099234071,49.6279495436165,5,1970
17.6938392967787,129.367256270799,5,1971
-45.1898701064895,-59.124255655393,1,1972
-69.5772999304881,10.353200465254,1,1973
-2.05321346645269,-6.78946019212174,3,1974
17.1988813167562,27.353766153347,4,1975
-64.1357803051619,88.1180293006335,5,1976
83.753452411589,7.42020424058641,9,1977
74.7007423245698,-14.1865623811708,5,1978
-81.3037280437161,-0.770840993937966,3,1979
-1.71195543376928,-46.116124335248,1,1980
-17.3352028719539,20.4344880532384,1,1981
55.8738716447384,40.0737602582716,6,1982
17.6742508132024,-30.0612890184485,1,1983
27.2930995206196,3.8303977871912,2,1984
44.1947646493119,16.246517209716,2,1985
-99.7276329575021,15.7799901124307,7,1986
10.2434725270554,-38.2833824568049,1,1987
24.4092478762094,9.35202291408003,4,1988
29.0141829563965,76.0131963209598,6,1989
4.97107569755392,95.0900392392151,2,1990
17.3171041202423,2.30387916187797,1,1991
34.2289719635097,-45.0028678924248,1,1992
-6.51845413550996,-14.2471810112879,3,1993
18.1722004308595,-25.7042479863703,3,1994
-67.7335904716409,-60.5554116372502,4,1995
-22.8970849175544,38.9605984406589,5,1996
88.800396798521,-29.8088868848508,3,1997
97.7981518737224,18.2414880770322,2,1998
75.3745256893889,-23.0179341251662,7,1999
-21.5618232707995,-36.5857891122494,1,2000
-10.8997450295186,2.34258977017593,4,2001
8.05269594142561,-87.4501359136407,1,2002
70.847623852793,-54.0506286808843,6,2003
-1.47930914304154,-10.3117209203534,3,2004
-31.4460570962428,-29.1656431768757,1,2005
-19.7832819893469,-43.8015024986461,1,2006
12.0344193374325,-6.11918194595412,3,2007
69.5399582619607,-71.4489975936345,4,2008
38.1029402611718,67.6280219071771,7,2009
-12.7377426650065,-68.352737829208,4,2010
-75.7244611429414,13.0302791762814,5,2011
-61.1876708597263,58.0909768017845,7,2012
22.2881713305085,-37.3939907918314,1,2013
-53.7685329515546,-12.0607181934768,4,2014
2.02000937536868,12.8644057850081,3,2015
-1.99152717824671,-10.5245357978102,8,2016
-75.0429618402229,54.8285853942145,1,2017
2.29106474083939,58.6243403444344,2,2018
59.8223821679915,24.3730547369409,6,2019
-8.24518993615269,-11.3830375300562,4,2020
35.1594910925791,11.8734688503508,5,2021
-12.6208578343196,-7.82502816615452,1,2022
4.350360869033,42.9369644508661,1,2023
108.653858540668,142.97136424097,7,2024
57.203327736617,-15.9496909114788,1,2025
-86.799935987713,1.97236295266268,5,2026
-36.5012615591527,62.3689082964668,7,2027
73.9676387990506,-109.313836770118,2,2028
-30.0286995720584,18.0330489754765,3,2029
-41.1477429099932,2.67282136449293,1,2030
-57.7893517710022,-27.7543614222612,5,2031
148.352463221407,31.9980566092886,6,2032
-47.8691485913103,59.4066029085481,2,2033
25.6211386861018,-3.92920381117993,3,2034
36.1659687426899,76.6957329605948,2,2035
-14.4265007561466,56.8475037096561,5,2036
-49.7238630766998,-82.212145877522,3,2037
4.10824987415155,17.6748622700088,4,2038
24.7679926046459,27.9627239983366,3,2039
28.5495740873375,22.6550884503854,1,2040
-116.283558142903,-17.0224587366371,4,2041
38.3198695489658,63.6387369371944,2,2042
145.417532794763,81.9691898373423,2,2043
-3.25238526242602,-51.0788991383234,9,2044
-19.4765422182903,-18.2145919772739,4,2045
-3.8295186237445,-57.8494446817839,1,2046
68.2033985208071,80.0968169589984,2,2047
-49.6820032131869,12.2891599715235,1,2048
21.9506195026849,8.11814567132669,3,2049
-12.9092487916042,-29.6712356820789,3,2050
-66.5346345048401,77.0084306706992,1,2051
65.4394785917409,1.52775335884599,2,2052
30.6763778366666,-88.2496738502958,4,2053
54.5543297105355,95.7894557419816,2,2054
-11.3007419942705,35.2918250307506,7,2055
17.4697328520933,-8.09699096661558,2,2056
18.6594877642426,3.9766938874369,4,2057
14.1395352344828,3.3221868371731,7,2058
30.8170287288819,-32.0117728715208,2,2059
55.6771594298818,-65.2273437083968,3,2060
-74.3614192372089,33.6030912503383,3,2061
4.25360356158187,64.2421818233873,2,2062
-19.0996011971986,105.93641946975,2,2063
34.7814946136842,29.7938306058235,1,2064
-27.4804906663986,24.4769190648315,6,2065
-58.0694856134935,83.6460465926333,3,2066
-9.81633955364908,33.6492172096462,1,2067
-3.41284262263981,26.8797261490846,2,2068
21.4996299902497,29.7591584837754,3,2069
43.5391280283954,-57.7706467570536,1,2070
52.4598121995802,-84.110359522683,4,2071
-30.0348974379475,-71.0860127458131,4,2072
-17.4952985371999,67.6662671158232,3,2073
15.689271885251,13.2876929424437,3,2074
23.8269632680937,-144.663858220982,1,2075
52.7656978218222,35.4971505654872,3,2076
-55.9561861434999,88.648555995781,7,2077
21.5560657019495,-68.1546677130406,1,2078
19.0660568273575,8.34568238079348,2,2079
20.2697845038291,-20.1438355042424,3,2080
35.9992013764159,-64.2874527694208,3,2081
24.9069039603562,-23.589542358603,2,2082
-12.5273466561925,39.0616847796474,3,2083
-60.7717095548354,1.84368813779644,5,2084
14.056369911852,-23.3426634712629,1,2085
19.6783819790854,-12.2712373393808,3,2086
11.3038075771939,10.0366724059053,5,2087
19.0520681040111,-50.5581070788467,1,2088
47.5619531405747,49.4418185199666,6,2089
2.19750705017887,-10.2686076457912,4,2090
62.768256643377,111.430400787242,6,2091
-21.4695721961703,-71.3968625388076,1,2092
49.5556570975381,-16.4378169802449,2,2093
40.9848789701571,22.4199368216631,2,2094
-36.1541131749735,-23.1420759587562,2,2095
-43.9791873133848,-13.4897165011712,1,2096
-32.5092677902301,-53.9980033878142,1,2097
61.7039647280078,72.603043325396,2,2098
-45.8693958833631,-34.3822347000251,3,2099
-96.1739475782589,-62.4131399524301,3,2100
-87.532321362289,-38.1983586472272,1,2101
86.753537225876,75.3301781925876,2,2102
13.3727224713172,-57.6266081635665,5,2103
4.44681230141038,-17.5845943131706,5,2104
16.9070312507533,32.9924486650269,3,2105
81.3351426621582,13.2479786770626,6,2106
-22.3887672575514,-6.7165216820541,4,2107
6.39129883109869,-80.5543376212561,4,2108
-24.7874699627157,118.926321450645,7,2109
-9.86761407768979,19.685197863824,3,2110
-27.4054831459661,31.7039011969569,3,2111
-34.6968334440023,-136.277492353245,4,2112
-33.8904415882631,26.0593542041599,3,2113
52.3022105126392,-21.7019871511025,2,2114
-54.0052704281609,-64.972730652959,4,2115
-15.3171610697375,-45.9660226855708,1,2116
17.4936134670416,-38.8174783584593,2,2117
18.6432388679342,-63.7778616178647,3,2118
-6.63351475693471,8.67972607447707,3,2119
-39.2685884019559,-5.2782879509017,4,2120
11.0899707864122,34.9352631192761,2,2121
-97.4757178290875,-0.77417236824719,7,2122
113.376250649331,30.8655827010773,1,2123
-20.4090934780951,-73.947481421433,1,2124
76.5004513216837,-27.9645563630732,2,2125
22.1895771950808,40.3769159237252,4,2126
6.56169351907217,29.2422336380915,1,2127
-37.1040195516438,-5.54505775369609,7,2128
29.8939925819334,21.9005052177217,3,2129
-74.9365107573466,51.9238063821707,4,2130
14.3160907372241,-1.43322644031685,1,2131
-40.0540063860013,25.6551973713664,1,2132
-38.1262482878158,-33.7997328528244,7,2133
-54.5433988689104,131.034082521366,4,2134
-30.4421869366581,-17.3582490047922,5,2135
-7.39712865484769,-77.5966315113164,4,2136
-33.8391107938671,-54.3377515008059,5,2137
-29.8970351015175,-11.4687899464278,1,2138
-68.2890274733817,-13.3796780686473,2,2139
-14.2457940499535,-43.7353706203532,5,2140
25.3952259849895,-32.3511740532681,1,2141
37.3018615214634,-45.2218850276695,1,2142
6.96980073647919,-36.8205471412027,1,2143
1.79187655735795,-26.8686035380148,1,2144
31.2396727657193,34.1954821015477,4,2145
-31.9299797151808,40.2971455813116,4,2146
11.7946867855971,-42.032762891824,5,2147
-41.3799457236749,102.245697322973,7,2148
11.966541648647,-14.2414702301662,1,2149
23.522867698498,-10.5320027847405,6,2150
34.4113475963794,-57.7841517975189,1,2151
76.7836541742763,-36.2282736969431,1,2152
-67.0896135773889,-1.06480429616159,3,2153
-75.8394040978242,71.318187459073,5,2154
3.82147430401851,46.9073102912577,7,2155
76.6155793327664,11.7109914221395,1,2156
-25.7604418862928,-49.9678847494545,5,2157
-77.3161539175685,10.2210056610668,3,2158
20.7034160177038,23.4492348345149,5,2159
78.5279634456807,46.1368338769394,2,2160
-6.55505445383415,-80.6272233959538,4,2161
10.0074521349472,35.741995977336,3,2162
-87.3972480670817,-68.9498935361373,5,2163
51.4982033874749,-55.2466205387057,3,2164
24.2536419023491,18.9629284390995,4,2165
-41.9409009248571,-39.816216130823,1,2166
-53.9575522559486,42.6884269287891,4,2167
-28.4886427783718,-72.7541302525273,4,2168
0.812506922297375,44.5586132186039,8,2169
-23.0596700829609,-48.4914086639012,5,2170
91.9058170077052,-0.00589218056783,2,2171
-138.823745990549,58.9747178696749,7,2172
36.9756028786621,-12.8557551852437,1,2173
-123.302365993578,-18.8249646153088,4,2174
-89.8428346632885,29.1642503176483,3,2175
-59.3885068415799,-39.3799808717545,4,2176
-18.2246212209118,44.133737918104,3,2177
-47.5759286126757,5.25455441096442,3,2178
14.6686916743205,1.92139990900272,6,2179
-86.9114466900057,51.6811782556794,2,2180
31.1982727301355,-34.579887813048,1,2181
13.2352620556463,19.8965809037487,3,2182
-15.7791472796849,-28.0310113727879,1,2183
118.557975102259,50.1153570605075,2,2184
28.9198808428104,9.24513009445752,4,2185
24.2582549430229,-10.1337741626259,3,2186
7.35586505645654,-45.0444852044222,1,2187
130.220867948175,-29.0158394983087,1,2188
51.2364445775894,19.7606365778363,5,2189
-7.96954869762065,4.49476356502336,7,2190
-44.1926306913556,38.651242556622,7,2191
-34.3949401150716,18.9855423273215,1,2192
-28.8282993900744,-36.0894416189431,5,2193
65.5884448167527,15.6581677274621,6,2194
9.80535627226518,59.0051518123712,6,2195
-77.2712123630429,55.8717865207108,2,2196
57.7577622364959,35.3473390161851,6,2197
-21.2205240761944,-3.73581529687214,5,2198
3.26737965842184,-17.7667043718741,1,2199
-4.18252634462876,16.0578633429966,1,2200
49.0716457019427,36.6777563976536,4,2201
75.2665910710454,-59.5959999921473,3,2202
-57.633444677152,-18.63505655472,3,2203
105.037509117714,25.0585664493309,6,2204
-9.82682455265388,-53.0962097016578,2,2205
76.1297044958025,50.1638420274781,5,2206
-25.7651908730046,84.7571169927983,5,2207
18.0272757182745,103.0837403816,6,2208
-88.330015827294,3.48175826310969,5,2209
111.464258371208,84.0939354983188,2,2210
-40.1765214712904,-43.7832713923075,1,2211
-97.9216479592294,16.4627342446217,5,2212
14.2277603069852,-91.7103360203647,3,2213
86.7555406321627,57.6965596814954,1,2214
-45.6957108487691,34.1599326847187,7,2215
92.6978227591101,47.726975057565,6,2216
107.840699124778,9.96433282903448,3,2217
40.6980558371731,73.2051065315836,7,2218
47.5676935160546,85.7977336123081,4,2219
-25.974047100828,-25.5969121367732,1,2220
9.55248602650842,20.0701569269679,4,2221
-13.1734454379338,49.372961778808,2,2222
-42.4969870922583,37.0907771792954,4,2223
-38.7316501964065,15.1103920620782,2,2224
-27.892428481387,18.0592256771687,1,2225
44.774028537904,-41.7955073894174,2,2226
47.815915884317,-140.834206806331,4,2227
49.4969517316485,4.83075568461663,1,2228
-61.9264199085698,-1.4324671479804,5,2229
43.901505810134,-6.14460282294533,2,2230
-102.448052796271,128.020225298741,7,2231
73.0714315406794,-59.6370691651338,1,2232
-61.4439992920293,71.4671504036925,7,2233
2.0582244012892,-58.8287069501865,1,2234
-13.7390106180961,-80.0296737123438,5,2235
-12.0340655782588,-11.3894372974532,2,2236
19.8123815116271,48.9057536200494,5,2237
31.1129142639763,93.4695450976573,6,2238
44.6949983923162,22.6450309719568,1,2239
120.022484597548,-28.6080005257039,2,2240
8.81526563169416,-40.4687340457841,3,2241
48.6172006544695,-59.0900499755556,1,2242
24.8601935329983,-22.8497164059058,2,2243
25.2047079080426,23.2484978584861,6,2244
-5.77527830190977,-9.68465662149413,5,2245
10.2268366638478,98.1202061565907,6,2246
-51.2061171330026,-13.9966726725557,4,2247
58.0387575160935,10.6823909912079,5,2248
-26.3751392974206,-83.6325560272258,4,2249
-4.66169662533887,-2.77817014744714,3,2250
0.233982926873798,83.7698821771255,7,2251
39.6466309023721,-45.2301104924013,1,2252
-71.1104677586674,33.9737111237628,1,2253
-14.2805066225138,-72.3017166867721,5,2254
-29.4069422544632,-69.0045154514808,4,2255
35.2932742729435,78.3201747371779,5,2256
83.1590439916106,-51.0572480354906,1,2257
17.4891175974064,-22.826269974875,6,2258
-89.7130008914768,-20.5220452190565,5,2259
38.3523522255063,-9.23972512661017,2,2260
13.3134824663476,-32.8230563666808,1,2261
19.2627104285415,-118.867593802985,1,2262
61.8570676815064,-17.2766664433173,2,2263
23.0902757491175,-13.4749605110868,3,2264
-19.6284557963536,-97.8802292539774,3,2265
-24.3006931874941,-15.783965724552,6,2266
28.6206609680152,34.8069395420536,3,2267
-126.700267036783,10.9826496525086,3,2268
0.882328561029558,10.2849181186178,2,2269
-5.65957842943732,-110.963719500619,4,2270
-14.1302425968321,-48.1399899010366,1,2271
24.4409433915084,-35.0505520207348,4,2272
-30.7905539477647,43.2277439337493,3,2273
21.3830459522143,-3.34684656387596,1,2274
-71.6230698470916,58.8323073256584,5,2275
-39.2555000889204,-31.3446418370313,3,2276
-16.0028264268599,-2.08183287298853,2,2277
24.1057639016458,-72.5299588813395,7,2278
95.8281524371916,34.1717402659164,6,2279
-50.3803465624194,-5.11306366086826,3,2280
29.8669920948483,26.7393690383069,2,2281
-44.5398265341096,-46.1100018880814,4,2282
-44.2050984162187,47.0315263063466,2,2283
-12.6336099292931,-83.5106805313243,1,2284
-88.8051147330213,1.13107472780833,3,2285
21.1192261920265,-24.7098100385807,5,2286
20.80891140558,-75.9221835919313,1,2287
-13.9909336641353,41.6817874664713,3,2288
-51.2407878082616,28.7531953760676,7,2289
-57.1515832394703,-84.1423169787294,5,2290
6.48039015414959,-45.7388748188829,3,2291
8.63319516492014,-28.8225552032025,5,2292
61.7261659205448,2.91033113767872,5,2293
68.8930390273832,51.7700887301235,6,2294
-12.3893853430745,37.5678002080311,2,2295
-67.9585433071148,3.84245461656795,3,2296
-0.861981699597312,-63.3813132555193,3,2297
-79.9459277547141,-6.06538900502076,3,2298
-65.9631914136586,-55.5523448950165,4,2299
19.1562004869128,20.1144211084951,5,2300
-52.2610697411631,18.9428558125973,1,2301
-38.9640185786702,3.536778596423,5,2302
67.0824003876417,-47.6990075092652,3,2303
30.2475879057685,58.2320208704571,2,2304
-19.3798186925667,-17.3694638899739,1,2305
-59.2587834819026,-1.86151502864134,7,2306
15.3730250082132,13.2189873063213,2,2307
24.6376264399821,40.0346994473352,4,2308
6.41680520700655,10.1157623610576,5,2309
29.4022679528722,-82.9100538416908,1,2310
-64.1691933822333,-79.7649168648418,4,2311
-44.7152838936829,-33.2632525546117,1,2312
-6.13110162583696,-119.448882057633,4,2313
38.1584074408301,16.5303567852258,3,2314
-7.66166838108378,24.0525723639463,1,2315
32.5369949832168,6.21502901823269,4,2316
63.0206233911032,-21.1956436816886,3,2317
-72.5415126611867,26.3872311209998,3,2318
-44.0904061986759,-35.5017529042633,7,2319
22.6921525602196,40.6789505904587,8,2320
-11.027510184551,-79.319369678866,3,2321
-88.1802646250347,-17.8972394489966,1,2322
-39.0283693823701,4.96944807004137,5,2323
13.8538901258127,130.921954356852,6,2324
70.9573445696843,11.6729074485083,2,2325
-98.6464351478291,-89.0853334050414,4,2326
50.10489376123,23.10731883459,2,2327
67.9809281870686,-6.38667111944773,2,2328
71.7022427083065,-13.8762392812367,2,2329
6.88898220690943,7.26981895382575,2,2330
-49.6089263109223,-6.95099993772664,5,2331
40.960611396336,-25.2257463943369,4,2332
20.3287971005808,-15.9022885331326,3,2333
-6.69365490516385,-91.8159512413853,1,2334
-41.8504617151846,56.0434005943713,1,2335
-7.79912656189233,8.1139966925175,2,2336
67.5531983451124,-65.277068478728,2,2337
-19.0775416916657,13.5281746013623,5,2338
31.7822637595562,-14.4426443857267,2,2339
-17.8267728738294,22.5005428868843,1,2340
50.4828202118084,26.0190079429611,6,2341
-74.4130077005575,4.41358453462841,6,2342
18.0651939570714,56.9545549270703,5,2343
-4.11058708960594,-48.1935081767948,1,2344
78.0248551298382,-98.7210908102697,4,2345
-59.3340666811556,-14.164605490808,1,2346
37.7298267672994,17.8061600408683,1,2347
-89.0216743855604,57.9905195563517,5,2348
-19.6832244260325,-38.8970176715145,4,2349
-10.30717785994,-1.95021473607135,1,2350
-3.95153832549112,-41.1718755906043,1,2351
15.4813393365317,-17.3344710960446,3,2352
14.4498945410071,-52.8517075097384,1,2353
-24.8926389830266,-28.0697640196386,2,2354
-51.2751420647448,-15.9625679538584,3,2355
-0.757601810380344,-14.777086390058,3,2356
48.5644872190677,24.8598524484133,2,2357
-54.9422039334426,-90.5408544700859,1,2358
-24.8933208950369,-7.850947037709,1,2359
67.5005899313921,-8.32265577884951,4,2360
-4.74149485363701,-81.7914792825432,3,2361
-50.3782610895606,-6.90729615796274,3,2362
-32.3458384944079,95.5701174915965,2,2363
-1.26243894069384,36.420092153321,1,2364
-29.0775879904198,-30.5145673997629,3,2365
-48.3045725430816,25.5237731640281,3,2366
1.69794750771499,0.264235331796563,5,2367
137.549130735998,-11.1888457961189,6,2368
91.3663510882346,142.663620804779,2,2369
51.5261121176141,-48.6938228966793,2,2370
69.4474495823285,59.3878356505414,2,2371
45.140827990378,61.0152914295483,3,2372
-32.1496276184529,94.4839010762413,6,2373
47.3898063165405,-81.0959495970391,4,2374
-1.77594101416472,-102.993492901397,1,2375
16.9245183939225,-22.3204239050884,3,2376
-30.611604740958,17.3382490625359,7,2377
-83.0291403824161,47.9779710529891,1,2378
31.5939674886247,5.50139139801927,2,2379
-23.9538902588243,-1.94407593937513,1,2380
-47.6316782181148,-20.4020453404037,1,2381
-28.2860583155792,5.00035223907103,1,2382
-20.973903808716,-54.2658074335341,1,2383
63.5146531330968,16.8839992175924,5,2384
188.994436084554,-39.017077025132,1,2385
-57.177142999589,25.9296479341521,4,2386
71.7991155042419,-10.5744784357966,6,2387
-79.8674264268965,-34.7679325618819,4,2388
18.1817281903397,-30.7230147106221,6,2389
73.4789168318038,35.7571760358046,3,2390
19.3452079508022,-34.1096628749384,4,2391
-24.2901376068313,-60.9301345075921,1,2392
16.1480160266635,8.79465229044769,1,2393
-8.73792032036414,-101.404530399737,4,2394
-7.86161098893087,18.4371488847423,3,2395
2.94188222003871,-13.2306224575141,3,2396
-43.9141319684479,68.6165149953682,3,2397
54.8886939746916,93.353306511757,2,2398
49.1218318946597,24.603255730136,8,2399
-140.419827032378,130.004303386804,7,2400
-4.96123399437836,21.8016013885051,6,2401
8.61822854249787,-8.69892060572286,3,2402
-32.0715714386401,6.27803178790296,1,2403
-1.9798461530412,0.994522212693498,7,2404
-85.9176952927797,61.3170495391022,1,2405
87.6012917208033,50.1221585568881,1,2406
-24.3036412364626,-4.38622889256096,6,2407
-45.2018349293904,-20.1981782710063,4,2408
73.3814410946868,-85.293720404789,4,2409
-51.8794314402508,-37.9649111059659,4,2410
23.4605542201784,-26.5181722244212,3,2411
-72.4135064777008,-62.0703881166786,1,2412
23.3684642363093,-39.3830084262273,4,2413
-64.3840966462459,1.16676022357212,4,2414
-7.70593059492353,-33.0714414938826,4,2415
75.7809370346966,-7.78359662752327,2,2416
60.639321916726,39.6459151798998,2,2417
81.7689247209807,108.993940311677,2,2418
23.2519103447851,-53.7315180624886,4,2419
40.234508864575,28.9085580103538,6,2420
28.1005170690583,22.2957181532619,5,2421
10.9810707385188,15.0543282743384,1,2422
113.028168777612,12.7933363191945,2,2423
49.3854815789327,122.343362577042,5,2424
51.757634163377,149.911628723715,7,2425
-6.65332363633945,72.8408948472884,1,2426
-17.374311048797,-39.5425045503086,4,2427
-43.9059022027302,-12.2408990345497,3,2428
-6.39931206210322,119.828952148308,6,2429
-37.8565815468832,-48.0942175495772,1,2430
-137.864236015887,104.528113447874,7,2431
42.655046672356,28.7507000021926,5,2432
-25.1884388121645,-52.4203220222344,1,2433
90.985525272221,0.742076348013654,2,2434
-72.3360094472341,-37.4704438663518,5,2435
12.9270702199866,50.5544892925858,2,2436
27.2167511705157,-5.77382178009621,3,2437
6.36169745535398,56.1391125613064,2,2438
-21.1797677296966,1.91691857731501,1,2439
-83.6264362114256,16.8547228852493,5,2440
75.1068805241767,8.06860432715693,2,2441
-66.1120708030382,-6.62116946363707,1,2442
-38.9346484070201,29.3696190318832,1,2443
-2.15744273457823,13.565723815867,4,2444
27.6512760337314,-10.4442405452382,4,2445
63.3523831851921,35.737085654935,5,2446
98.902850775807,40.0903718287547,4,2447
-18.4979109292049,-42.9569911565123,5,2448
-8.21522905541476,-61.0346899952246,2,2449
-80.9986321525982,5.71673692270594,3,2450
-11.0027967801475,-0.257592273639563,3,2451
-34.1362532027451,-16.8161834512222,4,2452
7.59539169745953,-12.248456236942,2,2453
-19.6709697683605,11.8743771866771,3,2454
-113.826489262332,-7.25024770882254,7,2455
-9.91429983354211,-3.06082679665131,3,2456
41.1807080138217,-7.39281025701391,2,2457
21.537081788231,-12.2221716502615,1,2458
20.1713516177003,26.5498082872868,1,2459
-100.321539600485,-116.892560312556,1,2460
-0.608746630926919,28.5351417285034,2,2461
2.15514798826384,39.4290349063763,1,2462
-59.2105373593747,24.8467510410512,1,2463
89.4434562578695,-14.3799772304881,2,2464
-20.4957556152989,-7.74840042250572,7,2465
2.78590473754498,-58.7723490356917,7,2466
28.7382876050527,-27.6927775377677,6,2467
3.66325829008781,-71.5896290630107,4,2468
-20.678874054178,-43.3043957680059,3,2469
-33.1314647260746,-6.63069843193005,8,2470
-5.05842461584482,60.5380752623517,1,2471
-45.5346885715925,-68.0783398756456,1,2472
4.65045076552303,-15.8749784494152,5,2473
60.7081595946046,34.7279155261235,3,2474
-9.72496727702647,6.74829603354156,4,2475
50.3558349624165,-118.496705054579,1,2476
-4.97554920096028,54.4587232482774,1,2477
-16.9139865446944,-69.0436389133809,1,2478
10.0938717738762,49.9791790221747,6,2479
-9.46017243892061,16.2399965413057,1,2480
-67.1815465764136,92.0775548087264,5,2481
22.0048400517734,-81.9755807063926,6,2482
63.4868652488042,-69.0062126984143,3,2483
11.4104021370695,-30.5294678712771,1,2484
-18.345514228654,71.0113642843865,6,2485
-46.4183847983348,-37.6741092443432,5,2486
-25.2666560972633,-31.0881261519418,4,2487
-47.0225006900836,-8.43426595961119,1,2488
11.9719603955279,6.08458763842383,4,2489
55.882820336351,-40.7188060372799,2,2490
58.8886151388604,17.1958708971244,2,2491
4.19897605711316,25.3243801811009,6,2492
73.597407537879,-69.4116459188094,6,2493
41.5910256178407,35.4840654046214,5,2494
-33.8927760526854,-10.4614411648736,5,2495
45.4492488856093,-42.6377519492934,1,2496
-13.0888264838684,-2.14323339024098,5,2497
-34.762148396474,30.2232258700092,5,2498
41.8374281217845,-20.5095870568251,3,2499
-3.88224181718476,-9.27735706111261,1,2500
-16.3384142166912,81.4172309210875,2,2501
-0.517587021227904,-51.5073396907316,3,2502
-42.6604043328138,-14.3159348630045,5,2503
19.3561075845374,-2.88682170958341,4,2504
-11.0754360018472,18.8357706051326,3,2505
-4.06972727843517,61.0968017292989,2,2506
46.0027857393672,63.7012214352856,9,2507
70.2596463577305,79.4908942401554,2,2508
-17.7939883828912,67.2620485043016,8,2509
24.1489803304138,-99.5786320204851,1,2510
-44.1324373653346,12.6172456622143,7,2511
-43.1419817805522,-28.2201277805576,1,2512
59.0622718380492,-70.3362758163362,1,2513
-9.87420326300714,-36.367730802847,1,2514
75.6231387894056,-12.1967929139129,2,2515
25.6047440209355,2.25297123720896,1,2516
-18.5442695212089,73.8742615247912,2,2517
18.0101704101358,25.542388796166,3,2518
-15.5300880941818,-33.4995953449662,5,2519
-57.5704772888505,-58.0718225069205,4,2520
-55.0219321031057,22.0469391017521,2,2521
37.4242072894992,-44.0495463267192,2,2522
6.27522226158008,0.0110859951340887,3,2523
-85.6831826590645,-66.9736402894208,4,2524
-16.8342236144661,44.9107285166508,7,2525
-7.33092039325733,-53.4246530993519,3,2526
-27.5784352023509,-31.4117046485348,4,2527
-31.2151188451132,62.8628366062582,2,2528
40.3837715338196,-6.51702502947104,1,2529
-38.164918946047,-53.8609683393632,4,2530
-24.3295384438216,-0.881012685302072,8,2531
-19.8912282384253,44.5686029750804,2,2532
-25.2567107955117,-14.3577092104354,4,2533
60.5209479813303,-33.2941329551354,4,2534
-11.462443319923,28.523907111274,3,2535
25.507101729254,5.77117801154627,5,2536
66.9103795437887,13.5847836076914,1,2537
52.7065991532263,-24.1169006583497,2,2538
55.0806436173166,48.5400774858537,6,2539
41.2154575871852,67.985913436366,2,2540
-56.8876038973016,-12.8034885092905,3,2541
-76.6398458275265,-68.6923737977453,3,2542
28.7159062646026,-104.259062326541,1,2543
-20.7351551914715,-13.459043318588,1,2544
-54.7089836856953,26.4026641611424,2,2545
10.0760797838882,30.8612825643911,6,2546
8.0484464607313,-70.5784076425497,1,2547
24.4834635800218,-22.0077113035189,1,2548
32.3817079661356,-1.57674393823095,3,2549
28.4622412796514,46.6618269045437,3,2550
63.0155979544457,28.7594475328284,2,2551
-33.8109736922252,10.7630892690507,3,2552
44.1494835895339,-29.1626883682884,8,2553
-24.2598452563771,14.3263242315779,1,2554
67.5583699827615,-5.92327663816505,4,2555
16.5983996982174,37.9882678645637,2,2556
23.8342575865215,-90.0198954810283,3,2557
64.7683954925184,85.8832020118558,2,2558
21.1884769182803,-7.02590861357121,1,2559
8.58740072693956,39.1132007730251,2,2560
-28.9667470173961,37.5232866061624,4,2561
-78.6557551960273,-83.1692665663416,7,2562
-2.09105520784461,-83.8189853443367,5,2563
3.38000608247007,-42.284252255878,2,2564
7.49090216067133,14.4468018380528,1,2565
85.1220046763173,89.2339959917288,7,2566
75.1940193253385,-81.5235883426396,2,2567
-55.8783884563297,-61.9224299748692,1,2568
45.2539079656896,-12.6510507739277,6,2569
90.7549316710368,-82.1738795057405,3,2570
-79.8947315857069,67.2589361979971,3,2571
-0.771315524649492,-21.814401955128,6,2572
34.8045061563148,-61.6319254887456,1,2573
-22.311175435249,-13.2063869586888,2,2574
-33.1373497055772,20.1836085942174,1,2575
-0.527598676341656,-20.0517388331416,5,2576
-20.814092642278,-9.13588300355655,5,2577
33.7918647452571,31.8106995225795,1,2578
95.1453532001394,-31.8099115457746,2,2579
6.88369845007458,-67.6150569935661,1,2580
-103.968241203644,-8.50778136376855,3,2581
9.5042491600523,70.1576665228005,3,2582
79.5849328956072,58.1601347427529,2,2583
21.4690069485434,67.4222332843585,7,2584
41.1785711838763,40.2121053941161,2,2585
33.8989470987272,-37.1109116967717,1,2586
-23.8014202258977,0.496823074167345,4,2587
-24.0051907896562,-65.9564639042291,3,2588
-42.7257329999563,66.9499305240349,7,2589
18.9373790067478,29.3228649187074,6,2590
77.2168709890396,-81.0332500057627,4,2591
-37.6433696072379,-18.973550074875,6,2592
-9.00043100888006,-63.4936759466369,1,2593
-57.3265808186493,-20.6297885721207,4,2594
38.5422677809161,2.24088948631547,1,2595
-33.6236502678643,-31.1883542385283,4,2596
41.3682439191441,112.276907212132,2,2597
-20.3958064474548,54.0119949273693,8,2598
-5.46251566268273,-70.2183922547113,1,2599
23.7200194617745,33.1901790708889,5,2600
-61.8040425425352,34.8415203017557,2,2601
-147.623321801732,3.98709712197308,1,2602
53.6851350810846,6.60965916075883,5,2603
85.7958967271612,119.29896798264,6,2604
2.66228426424828,7.4762536637573,1,2605
45.9574479561546,-81.2468820092598,2,2606
16.2220973671976,69.3892453424062,6,2607
-89.1777067842776,38.6099623663504,3,2608
58.5447977233594,-44.3538506961322,2,2609
-28.1582994514755,-103.760933618567,4,2610
-38.2891297666639,-68.1459583652604,1,2611
86.0363714912162,0.646023642826224,2,2612
-37.9375113941328,-17.7342889012501,1,2613
-23.6022225620714,-33.7975059606214,4,2614
-98.8404681657553,-5.18490492991032,4,2615
-55.6204464410254,-13.7240224051899,4,2616
-65.8204450481254,-10.4300252459292,3,2617
47.5562294106762,-35.5482994860951,3,2618
10.7240457025767,-37.8842125367275,4,2619
-139.99719959529,58.0715173894407,7,2620
-69.1658173325603,-34.1552645008669,4,2621
25.5616351660135,-32.5110054379099,1,2622
54.0179738279357,56.1372734537042,2,2623
23.1252219195655,32.7978662207874,8,2624
-16.1801998515092,32.2152431294785,2,2625
32.6625144599118,38.1611464495079,2,2626
73.7806539440889,-53.1479452813843,1,2627
-3.61355959655204,53.1942282248705,5,2628
-30.6475038767634,-66.4762872469268,4,2629
27.3281558857292,-13.4683070159122,2,2630
-16.8620151483175,-58.2937078903999,4,2631
-25.5684367494399,25.8249513116339,3,2632
-67.8550238746795,161.316187204362,8,2633
-2.46389738379857,-45.5558996092823,2,2634
37.599268572081,28.3103353677993,4,2635
47.1216698020517,-41.0351794896219,4,2636
47.1878432655045,12.8578462776075,4,2637
-25.6933133856717,-31.531763784003,1,2638
