"x","y","label","original_row"
-5688.71360644513,-216.802797334971,1,1
3477.65989412447,339.038283467971,3,3
-7298.36423275207,1716.93607355867,3,4
4542.51171843802,4834.60251243889,6,9
-5239.71927969756,-2763.1178607049,7,14
8934.39033138275,1491.55642194992,6,16
-11149.9018375082,-1548.89391358925,7,19
-7509.0900065343,-1622.84073358346,5,22
6191.01030500859,-2732.52936260724,6,25
6667.63106865058,3678.08053500388,6,31
8639.22705017423,446.583896740605,8,32
6494.55190448677,7391.53839056608,8,33
-8025.71907031674,1854.53869844748,9,34
-1316.14937066509,11276.5677641797,10,37
-5115.2025184963,8270.40996139887,9,38
1919.09334050241,-5421.3999481146,9,40
-8200.55878737271,4945.75632882511,1,42
-7386.26392353347,-556.165001078768,1,46
3039.21536996064,-4475.75951975543,4,50
-6051.6586762862,6622.41488966094,10,53
3571.47930246384,-4011.81355302303,4,54
-7615.44333960432,-199.335758727108,1,55
-1881.69863619424,9377.93301336571,10,57
-8335.74788425697,-303.641687301386,5,58
-6002.87581568981,1010.21611272442,7,59
-1869.94318742583,-3698.31322817032,1,60
-10436.2050390783,-1407.17906821015,5,61
4400.93438579273,3592.82065468454,6,62
-8383.57548440399,-694.11165539701,5,63
-9929.05545086642,-812.582386352413,7,64
5848.35287285128,-3236.63998084971,2,65
-805.596301877599,10878.1166186929,10,68
-6930.47130574057,-1548.89629197294,5,73
5365.28077729128,-1764.93396437707,8,76
3290.41416049744,-2790.12021022104,5,80
5811.78652463108,-1691.71835268529,9,82
4668.84646421968,-4505.09675571414,2,83
173.13560612759,572.82562062848,3,84
-5389.1107623731,171.416013992281,5,85
4491.75528973341,1809.91948159195,9,86
1881.74618639723,-4051.8549303773,4,91
-3138.9922151065,-2715.79770798847,5,92
-6445.25554583385,-3533.78220770627,3,93
-3140.14187663938,-4782.74601543338,7,96
-6594.83397943149,-504.688844381294,5,97
3325.37433938341,1611.18073837362,8,99
3145.87555801743,-2697.28997722748,4,107
-13188.7466042772,7910.26165910095,9,108
-8810.0314067339,-3673.7304567308,3,114
1372.77621298838,-3172.05039104523,1,117
2877.29073996641,-4338.55976512922,3,118
4309.66849556651,2959.9174659351,8,119
2139.20743931328,-5031.96850332288,2,120
-3081.59391570821,-1709.0330137053,1,121
-11705.6421838294,-656.494585777989,5,123
-7789.84373176777,-1822.61466329382,5,124
6890.46751576456,-919.328340621485,8,125
4390.7004736537,-3685.71537508848,2,131
3459.54323016467,9632.00144267715,10,133
-1849.88999842129,6400.74644734974,10,135
-9443.48199701038,-1380.45987646343,7,136
-8306.71588661487,-954.874809317167,5,137
-2021.44841162416,-2600.78515462784,3,139
-9316.43632857232,2119.02287349128,5,140
-7292.32904681066,-1201.58009500357,3,144
-6889.18409392179,-44.2398120465801,7,146
-4462.56467870056,-2195.65304014189,1,148
5309.2665131152,-3604.54446920246,2,149
-5923.72333902603,-903.833452398203,5,151
3993.93215578389,-4046.59745532487,2,154
-4095.64228351599,10301.8964661625,10,155
5608.46223416697,-3898.58146939567,4,156
-2511.16377857524,10890.8862120178,10,159
5590.98459735565,-2666.97316216207,8,162
-4550.84550520535,-927.918161999964,5,166
-4324.36942736706,-170.259946170192,1,167
-5633.65370478991,-3554.57427125204,3,171
-4015.16811511737,-584.497510833284,9,172
1412.25415574799,-2436.58563399619,1,174
-2974.73836147594,-517.662914493857,3,175
7712.64675006241,-2163.64470646902,8,179
9766.95646492467,1692.96434132773,10,181
3551.93303019135,-2605.26783315872,4,183
2786.16311945455,9023.96470300471,10,184
7062.06432942103,1776.94806526544,6,187
6376.39129496182,515.549723394386,8,190
-7035.69835271483,-3451.54455461763,5,191
5440.03550033514,5118.30134387507,10,192
6958.94680664395,-4295.67865402187,2,193
2325.03976364334,-4007.08806472291,1,195
-2913.10028829885,-833.790331224292,1,196
1669.59425515714,-4419.79547921952,5,198
-4100.48991569847,12019.7489339956,10,200
-6404.14617276183,-1871.17126363857,1,201
-9985.32670170539,-206.090903133554,5,202
8165.04995236941,502.770209943948,6,204
-1469.42063923828,-4409.40164977782,7,207
4894.44760188015,-3266.22183226222,2,209
582.033076511225,-4409.89187133334,1,211
2389.5878840989,-5564.23585144193,2,214
8112.45904721731,1134.54359813633,6,216
3477.74850231522,-535.319245667251,6,221
6925.32864484187,6102.76946624327,8,222
4680.87108531208,8493.14973511435,8,223
4607.50833351785,-3860.49422582137,4,224
9068.55637133216,2658.30086118587,6,227
6217.18114317451,8107.5480853601,8,228
-992.12339566297,2842.01470543975,9,229
5346.39621969455,-5598.72155567175,6,232
2586.64504341081,-2674.2695617465,7,233
-5535.33334593339,6021.9844793984,3,234
8406.92166963353,-1195.75053363159,8,236
-3416.90818097229,-1590.22277137312,1,238
-2591.83754096619,12190.7523125779,10,239
-17403.1390163665,6200.34672220116,3,240
6185.26910431737,-4006.8968486139,2,241
5623.07236380583,-698.218785895239,6,242
-5233.9645007864,-4658.74604515345,5,247
1822.26658085035,1916.99672839275,9,251
3769.85446238648,-2167.2780726635,7,253
-9835.19672506877,-485.235548705071,3,254
-7822.92191852692,1691.03974329714,5,255
-6956.02857249648,294.171938817682,9,256
-3012.57419275555,6014.22876087097,10,258
-14081.1743512332,7269.6884340523,9,259
2104.24095627154,-4856.99405793849,4,260
-7819.96880248669,-533.192545331125,5,263
5702.63011042715,7836.09249540115,10,266
1583.41511863831,-2113.68951593748,4,267
4690.24773680022,7916.37736593522,10,268
-8529.46602303829,5377.28048567917,3,269
-9828.07178212552,7033.22310189684,9,270
-2459.26937819959,-2882.8054007028,7,271
-28.497743418299,403.888028485396,9,272
-5956.39722349149,-3896.58316903175,9,273
-12675.4382326385,2739.02579247446,3,274
-688.25133451416,8767.30735551841,10,279
5550.19652784096,-2962.49790514963,6,280
2201.02369079445,4570.20760258767,9,284
-4942.92678956515,-4228.54041656243,5,285
2255.32983931499,3766.36994170101,9,286
4834.93502764749,-4725.5916223658,2,288
-6135.81680862068,366.539364431281,3,290
7119.30403121825,-4326.9285380963,2,292
5280.51256070383,-5517.59686819049,2,294
3057.6501102142,-4369.30319914763,4,295
-3123.98949776998,453.196230497323,4,296
-7873.17307038362,-4402.24816402654,5,297
2283.99022244609,-4009.39668790968,2,298
-10067.0780627843,847.719859091996,1,300
3257.52244496229,1660.79163105128,6,301
4636.88278770333,7610.6052949223,8,304
-7049.2673593248,2146.43975559692,7,305
-3888.90533753993,-4330.84978314652,7,306
-3444.0278934804,-3626.46192678603,5,308
6903.95829382945,-1408.04746481522,8,310
6324.7017105911,-3663.30500093789,7,312
-11739.4148811246,-1405.8340033263,7,313
51.5616393934854,6465.07752847652,9,316
6605.26236728729,4984.70543526238,10,319
-3217.33053409292,5680.85295286216,9,325
7164.61003837511,-3158.69309051186,6,326
-6328.22987659186,-2810.67398589392,9,327
7844.84571341297,-2714.5797165881,8,328
6774.26163772316,2042.78844375941,10,333
5956.52912371156,-2188.15575069071,8,334
1947.46691604917,-3985.57589402101,7,335
3370.284187928,-3235.98797896961,2,337
-8516.33486801176,1231.44833682842,7,341
5444.69124320102,-1475.87438323734,6,343
-879.937578451713,-1749.16983204916,3,346
646.026014858836,7359.41680974961,9,348
-9954.73698469351,-723.137302665411,7,350
4951.17213218969,7312.45400397493,10,351
-10959.441256612,4503.68505647175,5,353
1387.05312710821,-4381.11995078879,4,354
445.406861903464,-3080.93955862593,7,355
-4603.16743561326,-2076.11389463761,7,357
-4976.0727243496,7528.58327937408,9,358
-6076.99912775339,-2739.67474697804,3,363
1425.55969367721,-3444.2518698061,1,364
7622.11988222877,250.645421222725,8,365
-13476.842676822,833.809382654856,3,367
5520.01217276856,4021.33695305512,10,370
-1045.3432337741,-3990.10194224556,7,371
-1322.94067509698,-5023.92418396261,3,374
-1609.03739031579,174.656812174092,3,375
1441.90966756581,-2944.44050645364,7,377
8158.93413269126,-807.08787090584,8,378
-638.81863895076,-4821.35134590324,9,381
4847.90059479418,11037.9701177235,10,383
7453.7123996041,973.083473526773,8,384
5767.8538019747,3280.6073200159,6,385
4403.87513794327,-4651.34119261704,2,386
6336.75281400131,10302.4636118866,10,389
5857.04542360163,1470.64883396173,6,390
-1563.86119835744,-3959.65897466366,5,394
5385.06875300096,5177.80251807417,8,395
-6426.95867132481,-4556.75245568624,5,396
-3084.42352069211,-1624.91309759602,7,397
5708.04116891567,-4843.16524932389,1,399
7003.15079508538,-3683.83980579987,6,400
-6965.3532223408,-469.175793149809,1,403
-9657.99320055615,-369.019926301216,3,404
-264.320532791284,489.55492364463,6,406
7011.27394992559,-1568.41355205529,8,407
-969.335605647363,-891.539079595573,1,408
-7802.56935760853,4.77089437985711,1,410
-6205.26362264371,-1407.5267747883,1,412
-9219.14316566579,-1085.10903796774,7,414
7109.75965969529,1375.192659322,8,416
4766.76408743392,2439.85696112542,6,418
-626.543486210977,-1084.51017551263,5,419
-7519.22055391623,1241.56975944815,5,422
5335.86833990344,9662.99537495183,10,424
-9827.61922986148,697.830531305099,5,426
-5750.11517822712,1806.50308377133,1,428
-7070.74244440256,-291.604605772657,7,429
2057.31317593785,-3803.00497997115,7,430
-8751.87679032334,-436.600475599767,3,431
-6936.61603407656,-960.648219778096,5,433
-2601.3897599138,-1741.24588004038,4,434
4917.95659256472,-3715.97741943206,2,435
-3099.86537751349,-1517.48424341133,3,436
5492.34908782813,-3022.28690864409,6,437
-510.697107219478,3491.43864709774,9,438
4445.05925222099,-4703.09594061558,4,439
5856.61619217172,-473.580506160389,8,442
-3673.43520178679,-1475.28057951778,1,445
7724.79934972248,-183.510913002905,8,446
5546.52621527718,459.066667350462,8,448
-7287.40589933675,1106.64094391198,1,452
5649.06404728543,-4839.56559743218,4,453
241.159474758276,-1807.85757077598,1,454
7491.68284340996,-3114.0864250885,6,455
5153.30810638388,2882.6538126309,9,456
4412.77540549106,6317.68804052639,10,459
-78.1509793212234,7890.29963027421,9,462
-3852.71002152291,-4660.58479687477,5,463
653.940668530101,-2934.30913075928,7,464
7519.11685719763,343.116096390128,8,467
8051.25061791675,1859.92456500167,6,472
2443.79660652306,4511.31946782709,10,473
-4793.75495147701,1347.86769707233,7,477
-5969.06908181751,-2754.87312318768,7,482
2825.64542745461,-2977.85695803092,4,483
1984.74385512343,-3083.77846217743,2,486
7409.44247226868,6409.43516543542,10,488
6026.39608031382,72.6327950893919,8,489
6428.5202852442,-3254.86571126239,1,490
-2865.59055294653,4415.61142730621,9,491
-10112.2725704327,462.730417667606,3,493
3651.78645578816,2380.25448739561,9,494
-9528.06416792834,1606.10775771956,9,495
5838.33326735833,-3627.68890471977,2,496
2118.01214561908,-2834.19131460581,2,498
3975.16186348433,13926.6403281268,10,499
-8240.7710637352,1623.10337360704,9,501
6936.39604956715,-3950.66301373902,2,502
-6576.04862243861,2081.97366065254,3,504
-1563.58764074758,-759.511587077922,4,506
5327.70373513654,2136.43587367818,6,512
4865.72511479059,859.012872395148,8,513
317.991261748391,-3856.40545775455,2,514
-6589.97388645467,686.696819361542,3,515
-8109.09737357209,-1800.43425396655,1,517
-7821.573378986,1129.72521143694,3,518
4300.1555441666,6847.84504061474,10,519
-4069.22916575228,-1294.76271557699,5,520
10241.8295761402,716.11004645502,6,521
108.862137431214,-2511.0672319734,3,526
7383.1862286632,1950.19407567093,6,528
5522.36725973885,489.431821136565,8,530
4139.95263704579,4296.83739203168,9,533
-2026.12247640316,10139.8583789438,10,534
6416.04953334652,1493.66179704147,8,535
-6349.3014880108,-2599.63679240164,5,538
-1152.23040351315,-2000.77606088913,7,539
1751.12571979864,-1939.4479595899,7,541
3215.55896615926,-3063.46954524317,5,542
1758.88371736916,-3593.64310737076,5,543
4977.50602177648,-4953.84036258141,2,544
-13788.6190954583,821.783188779829,3,545
-2843.9100109022,-4158.11942883381,4,547
7720.09287405617,-2158.80909256475,6,548
4539.7345708944,6704.37435009862,10,549
3191.22478333549,51.6106606139943,8,550
7323.18199616212,-2199.56644531954,8,551
-10862.9519105842,3595.45013155284,3,554
-11024.5520719358,1020.814670579,3,555
-4284.93128497806,-3926.18728208496,9,556
-7560.83007827161,1844.13900374244,5,557
-1662.57002086712,-3361.20261382848,5,558
-6179.67353940233,-4044.2545315298,3,559
-896.128667242575,6627.37101817506,9,560
-1155.32586473575,-929.126901672084,9,561
-1984.8638898431,-3442.62142437313,4,562
1936.34325803652,-2948.30149215324,4,564
9234.25672638129,203.676833023671,8,566
-2147.25566923425,-4232.98628765722,5,568
2391.11480036575,-3882.95515237894,7,570
6828.36655388924,1207.94949395034,6,572
3239.44717338173,-182.59951121337,6,577
-4033.30658577891,-1466.19949932783,7,581
-8241.95725234341,-2189.3279362295,5,584
-10250.4921616476,1922.08775501656,3,588
3884.41593954802,-3438.76454081951,4,591
-6216.56730874491,-769.517914511721,3,592
-7740.39294409161,-2869.37066513014,3,594
2053.53152604358,3291.02462021426,6,595
-6088.1786648672,-2876.89711510268,4,602
5603.15583826304,-419.392164060973,8,603
3312.68361272176,9335.79973119282,8,605
5694.56408854189,-2528.46592880393,8,611
3052.22699607941,6666.79007491046,10,612
4729.21821966401,-3961.13505069032,7,615
-250.56545040336,7326.41918735634,9,619
-5913.35580964461,12229.3148181335,10,620
4143.83193177195,-4788.24335533456,2,621
7987.34128087012,-497.783803841609,8,622
4407.82463936256,-4226.88464128456,9,623
5642.19768733154,9275.81868782979,10,625
4458.59535665411,-4724.70626768307,4,626
-6714.64180708262,1599.77977067047,9,628
1992.15505083102,-2079.89133205593,4,629
-8457.22023349496,-1646.10176423226,5,631
-3863.24963355727,-2318.44327221265,4,634
-2733.84648580424,-2226.97231304163,4,639
-5322.56045279838,2707.61683279807,7,643
2208.5659375386,-3157.71994940972,3,644
7144.1197961375,-4204.66057729324,6,646
4343.30835533635,-3854.58524196612,2,650
3527.59603568047,-4697.51757530523,4,651
4999.97879904436,6732.91389286389,8,653
199.272838572057,-5098.81158073622,4,654
5375.90665579032,5781.79750650171,8,656
-1047.05253319471,-2437.95250761046,5,657
883.655407641723,-2976.78359936622,7,658
-683.741089878704,-2497.63062975862,4,660
7886.18893190881,489.684464628382,10,661
526.401838880509,-3993.06732180724,2,663
1223.68662422248,5877.31478522444,9,665
6688.54707247028,198.108772340346,8,666
8092.69619479976,-2916.64793237471,8,667
2070.49859237752,4348.81870960371,6,668
-7121.82082298697,1498.17141575545,9,670
-10104.811494949,443.826324370553,5,671
-1226.51894003577,-3108.49724020428,7,677
7936.25252576879,-1694.34783026855,8,680
3025.24383323499,819.057665556377,6,682
7719.81845513804,-2650.62571823412,8,683
3806.17776660513,-5214.43275990096,2,684
-4646.02860882318,-4467.31149471202,4,689
-2779.78327762521,-3513.56011262716,9,690
5459.32332930037,-5032.84377634651,2,693
3650.84409701006,-4205.14493441183,9,694
1728.85344331939,-3046.84257237466,1,695
5889.03857780109,-598.021786427192,8,696
-240.440683750644,-1720.0213014099,1,699
4568.07704654714,10087.1776740614,10,700
2960.00384343236,-3671.82604100092,2,701
4987.76605198632,-3869.278659902,2,702
5257.8093884215,-3314.92857108825,4,703
6472.18583779261,394.375422395014,8,705
651.89312734831,-2167.41046425755,4,706
-2324.35816270181,-889.391993610022,5,707
-4558.42123212999,-441.18574011691,9,709
6575.58541862947,7506.33479109727,10,710
1739.33489840705,-4841.49718270472,2,712
5968.02432517136,7545.29741994157,6,714
-8290.74839036,-2390.63285253993,7,716
-8201.37572860735,1794.30891232102,3,721
4663.70772983553,10770.4915646909,10,722
60.8061826780525,-2466.49792472194,1,723
7653.93313462545,-4065.77477281658,8,725
438.81656953883,-3548.74020294671,1,726
5106.49790311047,8825.70238261896,10,730
-7389.46322659107,2688.45861914581,9,731
5561.53549977975,9308.22437864937,10,734
-1353.25821478793,-2428.00163277811,1,736
2349.38131598465,8143.33936747057,9,738
-5726.33042142088,-1036.56060175253,5,740
6083.78258213174,-3597.79067993483,1,748
1860.42981097821,-1710.40779958262,9,749
6915.55413900187,8664.55229806112,10,750
6374.63018047653,-373.166467582575,8,751
4086.45839885747,-2615.65598980076,1,753
8292.28255962089,-173.79580556715,6,754
5458.8822470887,8632.2443151866,10,755
549.189421263533,-2165.95098406527,3,757
6175.29731990542,47.907400685182,8,758
5217.76755020509,-1456.95022006545,8,759
-1281.70761865099,7748.30421864578,10,762
1239.95786714799,-3594.08139863132,4,764
450.722282727317,-659.228102839277,9,770
-3700.69210350466,178.839569697976,1,771
3303.57478266217,-571.426089204829,7,772
5947.53102520772,3874.27165048778,8,773
3583.30128101326,-3808.03104125282,2,774
-4706.02029931886,-800.120755481574,5,775
4245.0380333164,-3518.44682442813,4,776
2532.4557186913,-4017.92970708636,4,777
-9726.83914678397,-1160.13982191175,5,780
-523.891662590336,-1779.42721891577,1,782
7012.26962146416,-212.314566136549,8,783
358.981575795538,2934.83944211207,9,785
-2605.06495888816,-1673.60718680994,7,787
-861.700075373553,-91.5389335577409,1,788
-10763.477350407,7314.80789275582,3,789
-844.507960369124,5664.82154795626,9,791
5545.855859982,-4894.15649882179,2,792
8055.39148269504,148.548483648429,6,795
-13595.7046415675,5266.9004179364,3,796
-5056.22982375099,4758.45950550692,9,798
6284.48559151053,-4289.87333944345,2,801
5157.288582138,-3553.23991952187,2,803
8189.50032109138,2682.69645426439,10,807
9189.57549243391,3681.9287059253,6,810
7309.38773971211,-3509.81873045878,6,816
-1999.33506231857,-439.14415858721,1,818
5178.07917964133,-3169.67186906801,2,821
6758.59661568197,-807.243174613676,6,825
-5033.54128424955,-897.785859141978,3,826
-10994.9887031215,-525.890073773218,7,827
7699.78169684403,1085.29912333477,6,828
5256.2064166972,11530.669176899,10,830
-5394.16975097399,-1280.48874341112,9,831
6901.07814623931,-459.091373576013,6,832
-9335.06212429468,1607.96442120824,3,834
6965.9726061337,794.475054400294,8,838
3889.37660376676,-4437.92438307556,2,841
3038.1162080809,3244.07688743213,9,845
5073.07618743908,11694.4168888638,10,846
-615.892331326566,-4794.88307736196,3,849
2248.06693655146,-3692.51751295671,9,850
3572.61724136149,5320.89726714738,10,851
-10513.9636280342,1175.51795470458,4,853
1001.97153326447,-2517.59852553398,1,854
-8571.32822522366,-434.441554868095,5,855
-4853.71073643142,-2959.55104388886,1,857
-5485.28286764143,-1988.94800296515,1,858
-9420.24198344315,1212.56553906229,3,862
-7754.15571965007,957.771422156057,3,865
-8135.82092917078,1417.71546586376,5,866
-6981.47573719283,-2193.51191190606,3,869
7211.99544011705,3964.79030869169,6,871
5610.63578203547,6359.17758092014,10,874
-3549.08255159472,-733.087219934848,3,875
-3806.47407672947,-1334.81055783332,5,877
7437.50166898544,58.145496665932,8,878
1137.48980536184,-2743.27743194804,4,884
-8875.45017980726,173.550448578666,1,885
4696.9037915944,-573.707594034289,8,890
901.336534444554,-4377.4318017925,4,891
7603.03611992761,-1311.49907465239,8,894
-5499.56339345886,8817.35902435141,10,896
1482.48907902732,4007.73813790549,9,897
-5028.22886345972,4066.57691421508,10,898
-9892.2407905472,2078.39979166747,7,900
-4106.16266803785,-813.743567777878,7,902
2130.90466697129,-3862.31658806043,4,903
-8449.00677833568,2849.60183586371,5,904
4438.42004588114,-252.563349339443,6,905
-8427.90034398069,-2970.21441193462,1,907
-602.848473979105,-2111.86214427538,7,908
-1803.41322779769,4360.22593819582,1,913
-216.84922367941,-1485.5586001093,4,917
5277.2756160753,-2172.66803238658,6,918
-4595.23713041747,-4931.51298981693,4,919
-3292.57796266639,3120.51205736928,3,923
-3551.29952700254,-3160.58658221707,9,924
3089.27092329315,-2699.48754311623,7,926
5584.42463250872,-2307.68747719201,6,928
-5535.54249092691,-191.266822094771,3,929
-1842.17181719747,3805.5999546252,3,933
-1636.57870669435,-1404.11988810701,7,934
1043.35532343482,4676.58779514804,9,935
-5208.46805137894,964.488704619395,7,938
-11112.8206280748,1330.67319699617,7,943
-5682.68875569366,-3429.21450338474,3,945
7198.79848928593,-2638.59806328043,6,946
-2975.29017260365,-641.394670750168,1,947
621.06356415602,-2154.06131758927,5,948
-7282.03858521051,-1362.78126172607,1,949
4897.94318847782,9831.62434833708,10,951
-6116.23174261915,-1614.65987848172,1,952
3273.22571767636,3446.68721695679,6,953
-1602.92183739092,-178.46869147119,1,954
7292.11985044735,-3946.42557419134,1,955
-361.541122906253,8541.11669521964,9,958
314.245439249674,-4212.16499554357,1,960
-12349.0313364396,4751.18870026087,3,961
-6697.60655523944,-2413.5933932274,7,962
476.177191631658,-5263.53960269893,4,964
5385.22618737183,-1161.0185509063,4,967
-9483.54195189193,-1357.55620016185,3,968
3094.79799598905,-3901.11424706175,7,969
1589.06263042234,-2804.22015371578,1,971
6877.51218549555,655.463293526156,8,974
-2402.39980629523,-915.494712781154,7,975
5386.3551618056,-2473.04594235064,2,977
-5616.58017844505,-4216.76305854909,5,978
8617.97475102677,-285.061297099366,8,979
4469.58092544909,8075.73960224019,10,982
2509.99759747319,-2637.16959712781,4,984
-1171.11812620692,3058.14830726463,9,985
-2806.70226583727,2213.60345663432,4,988
2269.63631052232,10499.5599164844,10,990
-2036.56226952052,-2974.56936586981,7,993
-7988.38894740191,243.869373198673,1,994
1006.51030645524,-23.4825692226226,3,995
-2999.59481543569,9607.66719422942,10,996
-13582.0674254975,1858.18857746901,3,997
-9674.09292897015,1527.26821239356,5,999
-4744.5361804696,-1508.77513210227,5,1003
-3950.32676238667,-2159.30695836311,3,1005
-4421.15558437666,-1494.18751781044,5,1006
-4837.15481289215,-2183.59021214765,9,1007
-6114.04476959324,4402.41143942354,9,1011
-6875.66117127008,-2329.57982868475,9,1014
4346.96461201697,5227.22752389936,10,1019
-1164.11700745576,-4012.92778829156,1,1020
6844.73194540296,-355.781293321419,6,1022
-12393.8482514135,4622.81027527348,9,1027
4176.34933172307,-225.480848957056,6,1028
-5807.54751163053,1907.69497132244,3,1029
3136.72826073405,3043.0174190435,9,1033
-6331.33778382408,-3884.18516224099,4,1034
-2617.59881989968,-5270.46347321118,5,1036
-1843.54070305553,-483.987993702818,3,1037
-1908.1790875861,165.196399950674,3,1041
-157.729197031012,6993.06345802413,6,1043
-7473.46238995923,1299.64279884243,9,1047
-9990.30553775068,3468.78141616699,7,1049
-6677.2092168747,-4428.82622757605,5,1051
-11190.6815394364,1806.11686428138,5,1052
8075.5895848954,1869.70021583562,8,1053
-11953.7326558722,232.656893084474,5,1054
2454.07447567652,-4532.30904309256,4,1055
-4409.29119533937,-2183.593846749,7,1057
-5242.62983755513,-918.865000579408,9,1060
4496.80359314929,8754.00286626775,10,1061
-4404.72239932026,304.441144529545,1,1064
5309.51557295181,1393.70178650772,8,1065
-360.76287119563,-3600.16421627669,7,1066
506.980932886715,-1880.61917852629,1,1072
6108.2710896354,-1973.83191440483,4,1073
5698.77806853713,11233.6624297567,10,1075
3472.85576867568,4627.52387081923,6,1076
4377.18329145468,-4162.45612861762,7,1079
6743.26818757447,236.194831935865,8,1080
5377.86516520102,6692.4532885205,10,1082
6019.33429508458,2182.87679964075,9,1083
6732.80813611836,-3762.14359464194,8,1086
5072.51747859583,-3087.23760782592,8,1087
6199.04262348613,-662.009224307115,8,1089
-66.7164990342135,-4071.64060828837,4,1095
4401.89649077866,3349.2210824648,8,1097
-1923.95858170574,-3527.34161951184,7,1099
-4321.35039950621,-944.709658740981,5,1100
-4158.38271659866,-2724.66761826088,7,1102
2650.47022542075,2549.34488731981,8,1106
6865.24203110205,-4293.65889924314,2,1109
5617.80249932115,4506.3401083852,10,1111
6413.0340410617,-2810.3241732048,4,1112
4068.03853583992,-3998.47281930605,2,1116
1109.54820662838,5693.70666356831,9,1117
6335.58790650545,-4482.09018822883,2,1118
-2391.40206951876,366.475821610866,3,1121
-2035.62178017573,416.476565332948,7,1123
542.247507930865,11057.3882013362,10,1126
-9386.1203018561,351.523489180866,9,1127
1689.0522309312,-5226.85108645902,2,1128
-6880.35205778616,-1161.74369076097,3,1129
-12019.4510637499,3124.32520145031,7,1131
-6372.18741350753,247.04820961235,7,1132
6504.22662014457,-2381.6508376414,8,1136
4232.27534793466,-3356.8985897119,4,1137
-1501.5797185289,-2521.22029742955,4,1138
2806.29675106885,979.607295607539,10,1140
5254.52000958583,11846.7974206872,10,1142
5024.1637078041,2466.60239280406,6,1143
5593.40816366837,-4301.23110039058,2,1144
-6250.3185057885,-2919.97784176449,1,1147
3194.93587590538,2948.13307577599,8,1148
4914.13470941343,-4386.34246842769,7,1149
-4984.20407571656,-3769.79907067268,9,1150
-5293.55347683749,-5273.11330724665,3,1151
-1460.47372341406,-3274.31830552403,7,1153
-1037.54742583165,11249.4729210716,10,1155
1729.74059909656,-2805.06271681734,4,1156
-5951.00907713276,1939.7839395439,9,1159
5958.532067457,-1447.54798979192,8,1165
3725.17569531311,-4853.71643083919,2,1166
6592.54450247505,-1661.8213516267,8,1168
2833.22098437189,-2968.58848924086,9,1169
-5650.45044758278,280.314117444516,4,1171
5564.53862902268,3767.44787726573,6,1174
5520.91799536371,2568.95724182564,8,1175
-1021.18193223494,-2845.20040562467,2,1177
-5753.67658450811,3209.75474460277,1,1178
5755.73487341335,-2438.2763057465,2,1179
7006.24641634342,-1164.50213440985,8,1180
8200.11583826266,2533.61826853816,6,1187
7881.845743765,-3144.11847076428,6,1188
873.990415302163,-5364.56738760573,4,1190
-5937.45567848421,-549.372834074894,5,1191
-603.935816644643,-5993.79347171351,4,1192
-349.670798127793,6923.22522045241,6,1193
-5193.02126615083,-602.769773423313,1,1195
7610.0938099736,-1570.78642801394,6,1196
7066.16220640188,8087.83041833896,10,1200
4465.99221926481,4005.93608105471,6,1202
6044.54093655632,-4220.86532444018,8,1203
-5268.42863502374,-3375.49022421389,5,1204
-5124.35727712682,-2102.9989328403,7,1205
-6218.35927326443,168.748145618305,1,1207
-700.467385757587,1374.06685585056,9,1208
3194.55445316755,-3885.48649660442,4,1210
5574.22627393072,6881.80278664386,8,1212
2637.43178116135,3941.88175567379,9,1216
-1992.1422005756,-5205.75416686492,4,1217
7470.05522037277,367.153658107538,8,1218
-14957.351701427,4864.29434570205,9,1219
-2779.93696953588,180.328143823269,3,1220
1057.89090772698,6702.35853609375,9,1222
-3570.15893294249,-1366.50273651628,9,1224
2719.38175166853,6535.24713326721,8,1225
6350.98567571093,1650.21019265566,6,1226
7101.77773967473,1291.58145094837,8,1227
6646.52882042462,-1677.24226996918,6,1228
1025.90566132531,3264.35426726513,7,1229
6888.84044492072,1330.2711419823,6,1230
3837.01152509002,-3849.01350297901,2,1237
5470.38397779455,-3837.55203785388,2,1238
3979.37052729476,-4313.12838229674,4,1239
4523.38247348869,-4652.13442487867,2,1241
-7354.7420497446,910.592212175871,9,1246
4678.05657005331,9842.61862998349,10,1248
-5025.04098290947,-1782.74985836254,7,1249
-7768.99009996098,463.220032833656,2,1252
5493.47637991773,-2223.23085229353,6,1254
1603.41254263242,3136.55927599121,9,1255
-175.647751543664,-2999.22561427243,7,1256
2875.14238849958,-4194.96521450774,1,1259
-4517.75000893675,-1015.91310201496,5,1261
5404.68086796227,-2778.43723053465,6,1262
-11962.7808125156,-23.6310884549464,5,1265
-823.802584513635,-1645.92857598211,7,1266
6162.59545632535,790.307769097709,6,1267
1179.40942655078,2052.34834049757,6,1268
3453.78441837293,5394.92158171495,6,1272
6414.10488231372,-224.689659669405,6,1274
-681.977768709402,4316.72557203365,9,1276
-5145.27133286888,-340.621517066616,1,1282
7089.67710039027,1010.05513914994,10,1286
7462.29320103062,-4080.17173500031,2,1289
4163.85922706567,14574.5395728638,10,1290
5221.51652431159,2527.38562979779,8,1291
5264.15866941315,3726.85662671472,8,1294
5064.02941198586,-3740.25435020549,2,1296
7402.31570699657,-2472.31784488913,8,1298
-11494.7344242017,5695.1630572696,1,1301
6149.85621616923,-398.594484920811,6,1305
-275.189070478875,8772.47609139245,6,1306
7648.86822197847,-529.920438903358,10,1309
-2606.40584680142,-4966.16440441649,9,1311
-700.761178873744,5633.38042824616,9,1312
1923.68763909423,-4627.42160347325,5,1316
-6330.0896174077,-1753.4594268871,7,1317
2015.29439862658,5563.41047909107,6,1320
7315.48391538683,-1518.28557334652,8,1321
5685.61623979546,3241.39211279174,6,1323
220.854303687248,-1465.90788539773,7,1325
-8926.33802650649,-1507.54952864851,4,1327
6592.68297558873,-320.264932435935,8,1330
-3050.76150819859,271.698537532643,1,1332
-6567.22522764112,365.363247827708,7,1333
-5340.49705773024,-31.0502225530985,5,1334
-6970.37317966463,-189.458076049324,3,1337
2303.03978226192,-2157.86599161789,3,1339
-2745.93591494115,1018.96788435675,7,1341
3755.94786540788,-5328.63679359286,7,1342
556.450904618395,-2946.12418017497,2,1343
5121.94318723066,4531.61031404977,3,1344
-2158.72895187737,-1995.0262870073,1,1346
7531.89071630286,6384.2885591739,10,1348
6348.17905720061,3605.98324564454,10,1349
3978.8569274035,-512.944476230012,9,1357
3535.07526092041,1939.12492056114,9,1358
-4563.28824472217,6931.59240672141,9,1359
7348.22610112693,-1382.94496269787,8,1360
-2117.73975665887,-1497.32135784291,4,1363
1645.06075277446,-2976.11392784885,5,1367
5086.78069303341,-4150.9917927756,2,1368
4683.37205929195,-4287.47753734348,2,1371
-6091.70917692211,-1498.68588346252,9,1372
4710.11566945681,5772.88687112175,10,1374
2511.61050472001,2338.61148720441,6,1375
8514.68089908911,-4361.47167164084,2,1377
7002.62584412888,-4408.07756389169,6,1381
4623.38668210522,-4097.11319702386,2,1382
1307.4258905195,-3208.19745298616,7,1383
3685.25785090604,-2745.42745435931,7,1387
-3330.52337377096,-1980.03541494688,1,1388
7894.2072056576,6074.30326127796,10,1389
2813.64177738727,-4354.53540789992,4,1391
-8515.46126824077,1201.35610416097,9,1392
-4393.08215938457,-951.018186150913,7,1393
7093.42767352729,-2606.13825030771,8,1396
4561.92954386602,-3445.81141793644,4,1399
9241.90212074393,-148.828233292344,6,1400
-10484.7556293728,-308.410934812413,3,1401
5069.32972516671,3851.2998980216,10,1403
-14187.0937480531,5472.624709787,3,1404
-3181.2778995339,-2213.29679489002,3,1405
-10371.7205411268,1351.02837111041,1,1406
901.55666108454,-460.097171673501,1,1407
1192.84371124612,-2607.18342565617,2,1408
2872.18670871618,-2917.39216427197,1,1409
-5135.23938198752,112.517708122801,1,1410
6491.55700942279,-2367.69455473588,6,1411
5922.20213897872,367.267983664661,8,1415
6067.72699535718,8532.99572733537,10,1421
5955.95900198926,-924.106563076178,6,1425
-6493.0466327079,-437.863928941764,3,1427
4284.9265224501,-3818.17735943864,7,1429
-7606.14792286776,8309.41593161393,7,1430
-6747.5593739265,902.788887869415,1,1431
2559.13713059257,-2825.29543869284,2,1432
6501.57723088968,-405.410092401257,6,1433
-12058.2525950749,764.518226570276,5,1437
3936.55206627304,1059.75960465564,8,1438
-10068.476310947,2389.6225298818,7,1439
5515.2719794736,2990.33609429707,10,1440
6062.72655613561,3393.99376132117,8,1443
-3023.33167095666,-4535.13339048628,1,1444
4665.27016875215,-4561.44638374865,2,1445
1646.05548188917,-4161.7708254832,1,1446
-2380.95761097467,7623.58639799146,9,1448
50.6375321664149,-2342.46523132766,3,1449
4934.46548674888,-4087.93824580504,2,1450
442.885010934165,-2084.82754071288,1,1453
2332.12384251409,-2117.42100935688,4,1454
-5100.55587857196,-4443.37469099918,5,1455
1256.55137086369,5970.23497768538,10,1462
1193.34758809073,10766.8091500662,10,1464
-8446.06247385729,-4611.86495820245,4,1470
-9590.47549445558,-2117.70691773378,5,1472
6953.64693458842,9066.61217116987,10,1474
-3776.37763758661,-1747.6325459433,1,1478
3128.4166046266,8805.17040955547,10,1479
7479.37525641122,454.792804201299,8,1480
-3953.36376955835,-1390.79033058754,5,1481
-4794.82748601953,-1817.25176209152,1,1482
-3411.24398469247,9393.79769830932,10,1485
-3127.4766526552,-2034.96204291351,1,1486
-6661.84402055813,-3617.4148121475,5,1487
-8394.89255948994,811.183145301316,3,1490
-2200.46438928807,4580.04820228002,6,1493
5626.82139152201,-4418.33104087528,2,1494
5350.29522017977,-4237.32471412804,4,1495
-10649.0137962721,-268.112333443221,9,1498
-8516.36474995024,-1843.56943266728,1,1501
-3139.4764013287,-3758.34361664811,5,1503
3823.46880819127,2732.13338712311,6,1504
2520.56699026638,-2388.60195493727,7,1505
5765.23620344455,-4876.05370368016,4,1506
4517.43948906129,41.8011719471932,8,1511
6240.70893099812,-3823.97769183026,2,1514
-12018.3645629807,-692.174313895784,7,1516
3743.37156777171,-4516.50006606139,2,1517
5925.33959016172,-3746.07866986157,2,1518
663.048545704411,6429.25181836289,9,1519
5557.5628468388,-2382.5649575157,8,1520
384.944536820642,-3536.1381755502,2,1521
4119.66968652836,-3879.28805854216,2,1522
-2316.97097183873,-5692.9109832771,9,1524
1084.68077972204,4332.43239485173,9,1525
-4887.42826842232,-1468.35136032842,1,1526
-8366.36134025187,-127.245208320529,5,1529
2738.47622894541,-2835.49609001515,7,1530
4097.50692727894,-566.727971165389,8,1532
-9008.01753695438,1380.92488250621,5,1534
-12648.8536764181,1894.68646806151,3,1535
-9244.66102093219,-2294.42431962822,5,1537
-1175.90004389057,-3933.96405914664,7,1538
5239.45571607658,-5094.05155974659,2,1544
-820.670574607111,-3257.23160952863,4,1545
3242.56909133357,-4130.70565057075,4,1547
6265.25342702762,-1271.3750756022,8,1550
7018.22370984875,-4242.81163359686,2,1553
-1223.27061786319,34.1191026318179,5,1555
-274.722658239791,660.720328816494,5,1557
-5019.92945752041,152.882947025498,5,1559
5113.72708323936,-4820.91626536072,2,1561
857.831065142964,10521.4691270032,6,1562
-6783.87550657032,1191.95314509105,5,1564
1586.69858483221,-2439.70284005456,1,1569
-2057.58385347698,7584.2416946002,10,1571
6653.99081808254,-4563.74014318002,2,1574
4105.56997598982,8845.60532532232,10,1577
4147.14418933944,-3653.18027988304,7,1578
5670.33757947756,2171.24619926678,9,1579
188.60779585206,-3885.49429451251,9,1580
7760.32845761761,-3810.23512143795,6,1581
-6643.24652569385,-4595.09545049109,5,1582
-2543.57348572037,6749.46294171327,9,1583
-5166.86066983781,2033.35771653702,3,1584
-4640.67622651265,4063.01494446429,9,1588
3423.22910388483,-1034.47662295346,1,1592
2365.01557050837,-3048.76337273003,1,1597
-3038.41182367178,-1650.05146812827,1,1598
6821.75943044354,-1069.10862256743,8,1599
-116.663290214797,-2800.9957224106,5,1600
-8030.4451104414,-2662.94404165697,5,1601
-6704.37358638296,-2371.62804024299,7,1602
-1188.42126571164,594.91350996925,9,1603
-16044.6964344928,4007.75751288655,7,1606
3371.16733723718,2327.35992215744,6,1607
-4227.18907002624,-2557.15688195065,4,1608
4791.40533921443,-6785.30195809947,4,1609
1867.99976214724,-3701.00893208836,1,1610
-1855.92425476438,-3466.74933113484,5,1611
-4819.22196803,7634.68714780234,9,1615
7151.7011440889,-916.807516643419,6,1620
-2480.45802078559,-3507.15831083487,5,1622
5059.40275052959,14553.0451958095,10,1623
-4269.99273663356,-98.1641767875504,3,1625
-3331.92796825998,-2757.08272406562,2,1628
5542.46507496332,-483.194604230724,6,1630
4507.13597641143,4922.96078093468,8,1633
-9097.7431566125,1056.97530139842,9,1637
-4018.73652817325,-3608.61161525798,4,1639
7764.05131667291,1703.06722257439,10,1640
-11272.3251083544,-192.158489912026,5,1641
4889.25083921236,-1228.02901645706,6,1642
-10185.3172318569,-2803.51898592892,5,1643
-6502.63911448797,-380.110574592773,7,1644
2861.24567098895,-6315.40544144224,4,1647
-3355.24489993573,-2857.76271997915,3,1649
-8927.45306710213,310.974017437595,5,1650
3561.17070672833,-3899.46533404671,2,1654
4955.59119477504,-3949.36991077092,2,1657
-7378.04940564947,-2932.20477621409,3,1658
1754.01503951077,-4694.94748112287,4,1659
-7076.56908725431,-2349.5416831197,1,1664
5828.79057330758,4177.4236679246,6,1666
2081.49479160784,-3881.78253961853,7,1667
-5608.93994874617,-3071.67234969333,4,1672
5422.83134839075,1222.10907772356,8,1675
3244.8014624594,-5888.07116701206,4,1681
-2892.1152158242,-2369.86838882022,1,1686
7402.30551061348,-4512.77419260849,2,1687
-4721.69490527622,-868.198831169575,1,1690
-1000.95064342318,-1591.69422853387,1,1692
7152.97329974182,-878.54520441834,8,1693
-6904.37412921534,-999.382815769829,5,1696
5238.89672136223,4186.74804446846,8,1697
-9056.11854648954,663.410450122436,5,1703
-10663.6538412251,-431.940660459647,5,1704
2366.07126392525,-1882.43976060405,7,1705
-8404.10053762247,1003.82528677251,3,1706
-5456.9376626988,-2259.16509176209,1,1708
4091.519230388,-3857.91508105874,3,1709
3676.70253182801,-5255.99839678529,2,1716
-4667.64277537621,-2215.21735205035,5,1718
-8599.50349594769,8.42860576252514,9,1719
-5842.96276627594,13839.5285867873,10,1722
-6643.68091915972,-634.006251523075,7,1723
-3913.37819499585,-1945.78633829217,3,1724
2210.90079380362,5090.98897289455,6,1725
4450.37114012466,1427.22496863686,8,1727
5248.0630409916,-2683.55149734831,6,1729
-5922.12358087143,-2757.61894420179,9,1734
1859.88509543435,-1055.97384061262,9,1735
-8362.84115356635,-273.001602038187,7,1737
417.983863705315,-4114.67283115338,9,1738
4574.91935794318,11389.5319236506,10,1742
-244.274324025046,-2876.36227542683,4,1747
4109.49813182745,-4623.83036650939,4,1748
6585.24872816964,5190.88077310119,10,1749
-8993.82347396243,3663.5459760031,3,1751
6072.651444744,-5166.4207444151,9,1753
1190.22475282124,-1883.4488390616,7,1754
7186.6413834224,-70.286321982412,8,1755
7837.95062323586,-932.379598943243,8,1756
5213.89593597374,3246.0482068515,9,1760
-6751.88268001083,-3082.41691356067,7,1761
6829.01252749331,6567.24538354,8,1762
-1410.50576583954,-554.105013899024,1,1763
-12129.4850481347,-1901.16710048566,7,1764
1331.76548581494,6712.72351022861,6,1766
-7052.92079339187,196.661648074422,9,1768
3995.64711695223,-3106.51244329509,4,1770
-6873.91575408918,9945.38074995796,10,1771
852.493275838419,-4380.92595605721,4,1772
1426.61228021405,-3944.44750430247,1,1773
-2050.22111976009,-2663.68913920789,3,1775
842.827244444,6512.93680567063,10,1779
-3046.38071898523,-2038.1090734157,1,1780
6851.64319168882,1402.45408480186,8,1782
-5803.13404839934,-4500.38980093559,5,1783
-6350.80061086001,1125.8021946353,3,1786
5395.38478688709,-3698.72978831013,2,1790
-3381.27702290686,-1081.77935503316,5,1792
-8682.15644768799,-2452.22916856727,1,1793
6196.09525082207,6449.9804728095,10,1794
-13908.9903590489,372.942727045551,3,1796
-4637.88633025515,15535.7991811861,10,1797
2915.35442882293,-2864.98309324984,4,1799
-5183.1814225754,-2713.26949276559,4,1801
5392.91619490069,5629.00183837299,8,1804
-5043.13493255869,1469.16980722096,7,1807
5437.13601955883,7625.71299577724,10,1808
5623.55494815264,-3991.70583674438,2,1810
-8250.02227129659,-132.845648315052,5,1812
-7052.3609931506,2890.8445923831,3,1818
5129.390669951,-5654.65721071994,2,1819
-1767.23937495884,-4652.65110694511,4,1820
2112.94399630091,-1882.51185349687,4,1822
-5174.48675048028,10221.7330161442,10,1823
6298.47960522812,-813.252070710991,8,1826
-2119.13691415118,-1598.27829720673,3,1828
3729.88361893658,12101.6187789903,10,1829
5446.60732301491,8036.34364803727,10,1831
-4353.53694079786,32.5840828015048,1,1832
-6136.17038122675,122.336670464247,1,1834
-4220.8594395151,-608.799518587913,1,1843
4233.41044940882,-1791.34922567973,6,1844
2593.17428755218,-5208.31342938796,2,1845
6379.81704707449,-3839.40264183815,2,1846
-4277.20101970346,3419.92855800548,1,1847
-4485.38896698296,587.421982714994,9,1849
-3456.7094971558,-2995.01205476631,7,1851
4408.31762247231,503.678587565728,6,1852
6953.2624530554,8157.33339661438,10,1853
1359.38327704435,-6050.46766041812,2,1854
5061.93011807586,-4833.29443734532,4,1857
-7219.44378826293,-890.805161269128,7,1858
5989.79448390015,8068.80325692986,10,1861
6855.90378921125,4559.88212515509,8,1864
-6836.80074585962,-1366.4420085739,5,1865
-5200.65909647418,116.857190067576,3,1866
1589.41655240169,-4562.21532577293,2,1867
-12365.2655686927,10379.0497476777,9,1871
-1958.05335981732,-2408.66024531967,4,1872
-13946.7913039063,6559.63607604377,3,1875
152.921420208265,-6003.45084466747,4,1877
6433.15316105167,-2863.35979851621,4,1879
3494.1543852163,-4260.20766358434,1,1880
3812.62890944667,4721.01134754179,10,1885
5841.82227688374,-4268.72365186149,2,1890
-2475.79396696583,-1879.92874979922,1,1892
5762.75240766863,3734.15331339351,10,1894
-5286.88343759283,1769.3812380947,5,1899
-5470.10934263029,15019.3840900314,10,1900
6119.01254326532,8126.12145429623,10,1901
-7446.538781647,-207.73301460253,1,1902
6365.0429477055,-1825.86437493393,6,1906
1768.29000799205,-4150.16272295442,4,1908
-6360.94159224376,868.292533954882,5,1910
-2407.02614651651,-3491.94841844365,1,1911
3337.27990331239,10102.7586718041,10,1914
-9712.60546683731,-1467.53381561866,7,1915
6848.67907651101,-1205.65648593987,8,1916
6053.97914444711,-3886.20869585619,4,1917
7130.34496990403,-439.410222182036,8,1918
1149.0512386403,-1449.93496935988,9,1919
-10133.5045197497,719.600655984089,5,1920
5830.7892047309,-2138.28107754963,6,1922
2062.87600280757,-3107.93305301787,2,1923
5119.15565063956,-461.949241646366,8,1925
1556.65789747894,-5237.1109471975,7,1926
3355.23802704037,7448.98257545371,8,1929
-1310.52331226351,-6247.05576121099,4,1930
5896.45456112029,6990.76659343435,10,1932
-1580.199809073,-3100.15443817075,7,1933
-464.429773644328,-1383.36456188523,9,1934
4357.90229802128,1746.41343267979,8,1935
661.641794543395,-1671.13402447479,4,1937
-3546.15778137944,-1020.49510920396,3,1940
-4184.0176487291,981.829817188153,5,1941
3080.24747036784,2868.55809723749,8,1942
2874.61186539726,2054.5635875893,6,1948
-5764.38487299864,-2194.44065233646,4,1949
-609.333339537556,175.172203327265,9,1952
3763.94863716736,-994.401117577877,6,1955
-9744.52670632609,-1911.53357942545,3,1956
3968.9188341032,-5437.25390367266,4,1958
-47.54127595531,-3788.49114688266,4,1959
-6259.46720894353,-2715.85548014649,7,1962
3344.73852060994,11476.6116352495,6,1963
-10769.945392584,2895.34095315671,7,1965
-9748.06149527109,2398.84814236272,3,1969
4629.98211372463,6943.19026186887,10,1970
2131.19457577853,7612.94541394351,9,1971
-962.322631362727,-2101.43545493219,7,1974
3259.9916182862,-5303.06080083201,2,1976
-3655.00576218722,5098.93754261646,10,1977
1331.8108450129,6272.97685560728,9,1978
-4649.47391455293,5821.24274280815,9,1979
-2872.49585910643,-1657.01940062447,1,1980
3630.7113570898,-4271.42615818478,4,1981
-134.715667648519,-3836.62678112432,9,1982
9314.64331938947,2656.0871899186,6,1985
6833.46377077161,6836.72344242218,10,1986
6611.48191048202,-3124.55491103919,6,1987
-8379.96772258448,-230.397516360337,5,1991
-6134.12889367514,-1890.17875441561,5,1992
6847.28170214589,-1840.28796460946,6,1999
-2675.50550643967,4889.25245666632,9,2000
6850.13015992566,-2300.2633222513,6,2002
-1027.27109644352,-4034.5823087554,4,2003
-7257.41692236397,28.2441731997861,5,2004
6327.53240814155,6358.71057314459,10,2005
3919.18077821541,-4314.5535042785,7,2009
-12229.3112469573,-497.604220340425,5,2010
-5242.00092964437,2889.12184345974,9,2012
-4803.7071492275,-1027.00412930376,1,2014
-904.951050555679,-1740.83348198503,4,2015
-10384.0789696829,411.084407747184,7,2017
6933.93024381137,-2561.29157803297,6,2018
775.250327380325,-3759.29816102502,1,2019
-1756.75079648353,-2524.21809278187,7,2021
4276.58065177292,-4266.30540467066,2,2023
5716.65167797133,6170.34835906434,10,2029
-12300.9363259267,564.584446914589,5,2031
-4383.60738603821,-894.08506270877,1,2033
4522.82204324527,-1765.14317107186,1,2034
4675.80422246963,-1971.35499167093,4,2035
3674.9914293215,-1371.20840755728,6,2036
2822.47211802224,-4015.9483363968,7,2037
311.009920370897,-2863.2694914179,1,2038
-2917.68063393273,-1099.36937122301,9,2039
411.745310903749,-795.935501404641,1,2040
7619.48146343595,3845.82866245389,6,2041
-2690.76236415663,-660.963766795089,7,2042
-15295.0475046204,4971.57418605626,7,2045
741.414103812546,-4135.58952234456,3,2046
4893.11145043236,-3115.87156895315,4,2048
-13319.5575290748,865.097312870177,3,2050
-2115.93093203974,-1430.05999819031,3,2052
-7318.19635984918,2094.40275206483,9,2053
4297.22723167146,-4410.06904941562,2,2055
-2498.80053503904,10743.4229704233,10,2056
4118.03987998498,4825.92151153687,8,2057
-2354.67496589722,-5342.67697391594,4,2064
-7190.32954159393,12307.7524685502,10,2066
-1782.38207540861,1135.1037122672,4,2068
-3330.37666886284,-3855.78592840003,4,2070
5401.59556425762,-3391.63661298472,2,2071
-3993.45694063529,-339.422115917936,1,2072
7397.9394423038,-2385.79383271137,8,2075
3631.64235325802,-3196.48342731079,3,2078
-7554.95712100465,932.218258181689,3,2079
6823.93581668582,2895.79819667677,8,2080
-4127.68699794483,-3752.17394409455,4,2081
4903.83600849756,-4320.14349622235,2,2082
3478.59617576367,-2593.23979532122,3,2087
-4987.69778768812,-3672.91544481139,5,2088
2341.80227966167,2677.95696621266,6,2092
-5027.34376232948,-3877.04408923221,1,2096
-1807.19179211802,10980.4365848922,10,2097
-731.309428616302,-669.46015241277,4,2101
3985.76372734036,-4438.98155777624,2,2103
1029.60428265633,-903.561099406994,4,2104
-7495.11205281609,1666.71680322648,3,2109
7448.76073995273,-2365.38441221548,6,2110
3885.93639104848,-4590.20012395362,2,2111
-2757.44474768314,6601.63089929237,9,2114
-6116.8493803774,-316.233824954154,3,2117
820.275076124495,-3439.78383718645,3,2120
3937.15734433835,1674.39578764797,6,2121
-2573.26018367095,-2729.03929393369,5,2125
-5527.25084426596,-605.750695907545,1,2126
-6507.35353797312,-2223.18572175885,5,2127
1036.72216608274,-2181.90643653681,1,2131
-645.724751125333,-5097.95997098629,7,2134
-3272.17760769363,-1266.6439669819,1,2135
-2159.73652661604,-1620.33078414929,9,2137
-3329.70579719627,-2277.33430408824,1,2139
-2203.99164566224,-1169.07127439942,7,2140
-13766.3332316515,1852.5617472525,7,2143
-11429.6566944533,-712.767244720535,7,2144
-4587.1567410756,-57.6267977896003,1,2145
1655.57698900861,-4410.40897766775,4,2147
4144.48996791048,-3464.64464600227,4,2148
-11156.8624338957,1321.04847393147,5,2149
1824.38106963947,-4399.64436598243,4,2151
7050.025356558,-1560.65586218426,8,2153
332.238623463703,14533.2571812207,10,2155
6288.62039066651,1560.09457252999,8,2156
4720.31846300314,6815.08397247724,6,2161
2460.46397672145,-760.927597908709,9,2164
353.153712314207,14404.2425969031,10,2166
-1716.56941060254,-4634.79417494484,4,2168
-11135.8925494147,1403.06373164108,3,2169
-1678.89080756313,3755.371407706,3,2171
-6406.35307189258,806.447285978142,7,2173
-7063.82038688153,-3597.97163685238,3,2175
6174.93985428673,-1378.02642929195,6,2176
-2402.35912647484,-6033.10736524388,9,2177
-5206.08601315605,1680.78963431321,4,2178
2257.85769427116,-55.7777307719164,6,2179
2720.98663223338,-2873.41326761326,7,2180
7377.5470713541,5059.40145475882,10,2183
-7050.33967863024,-2823.71980823267,1,2185
-2572.8885601718,-2669.33087195409,3,2187
3752.64563157828,7620.27392111856,10,2191
4489.38239774821,-4424.43195674397,2,2193
7090.85784213994,-2152.85141878974,8,2194
-2711.29088322713,-443.473409896071,7,2195
6346.95242634544,-4943.95757884014,2,2198
-3440.45510365576,-2096.22630032324,1,2199
2402.45545300778,-4922.97887584625,4,2200
-4728.60456513665,498.389304652268,5,2210
-3262.3992406672,-3784.65670393003,1,2212
-39.0342154167761,-3160.50662940672,7,2215
-2713.77178811868,-1251.31238332799,2,2217
-5934.53103173137,-1533.42825816462,3,2218
5534.76649441555,-607.082373360484,9,2219
3268.43162813509,2328.72700144931,1,2223
-705.493766116774,-4076.02785528846,9,2224
-2539.69082237811,-1524.63974625218,1,2226
5349.05884979766,6441.06114022083,10,2229
4683.64255636819,8265.6186259906,10,2230
6639.63593162851,616.32116383551,6,2231
-3000.93422243754,-2792.51527359428,3,2232
-10753.4488240791,-1904.27675716098,5,2234
3228.92643566723,-2742.73834090922,4,2236
4614.14281852841,-3600.82519870728,4,2238
5430.71830452273,5261.75717654085,6,2239
-1309.74026709448,-2154.63520821035,7,2240
-2503.36024335189,8188.71049756352,10,2241
3631.33236537216,-2634.12049186249,1,2242
5858.48647054585,-1740.17580707035,6,2245
-14326.3401308226,2076.65446588977,5,2249
-3430.5497288367,1102.80973374347,3,2250
1635.89472595661,-2063.72898103633,1,2252
-12109.4031999123,-1395.05183026538,7,2257
-146.264770069005,6405.14587906562,9,2259
-1183.1039426949,-1165.51595512181,1,2260
6891.14532126439,-3205.24308988706,2,2261
-4924.57002534936,-4006.91356109855,5,2263
6799.38838474191,916.264275175617,6,2264
2824.51330552548,3761.58649002227,10,2265
-3128.05462686231,-4554.99088974315,7,2268
4481.64481076906,-4588.80786548258,4,2269
-1270.02659279377,-1472.1398885404,4,2270
-435.721003093621,-1159.2875967094,2,2272
-7993.82918993273,-1131.80221931659,5,2273
8130.74573432144,1367.04606657784,8,2279
-6582.30195919299,-40.9065703326381,3,2280
2465.89060689505,3999.05358712658,8,2286
-10379.9086609329,-1670.56100310689,5,2289
6307.81897868749,-3329.03716851498,2,2290
-5045.35847900595,-1688.39162568643,5,2293
-6180.46995798893,-4599.1806199405,5,2295
725.089980496732,-6508.2969352569,4,2296
-3730.63618845738,-1846.69431691564,1,2297
-10041.3501651013,266.298129320867,3,2299
5350.50747955937,2297.36553874196,6,2300
6933.09661147412,-1723.7940889102,6,2301
-10616.1701375419,-644.274179098004,3,2302
6411.73103728382,-27.1368246058999,6,2304
6360.29725143061,2334.90167543627,8,2305
-5337.17140965952,-3978.66852587545,5,2311
5790.40981815956,710.623079731342,8,2312
-8185.50751644646,-117.852072270869,7,2314
-2103.82571541803,-2643.00266079047,5,2316
5393.22302469757,7347.76647552924,10,2317
-4039.24837304037,-1510.61505460259,4,2318
7228.37752897182,5498.79182557518,10,2321
-353.045015617396,4382.30237803814,9,2324
-8400.58538263734,-1241.18163496646,5,2326
6149.54752316349,939.063297107946,6,2327
-4933.03125490525,-3949.6691933435,4,2331
-950.837732512754,-353.178581322141,4,2332
3971.38565044906,10070.6219744595,10,2333
4571.48080302577,-1738.21636380065,8,2334
3928.00957360563,-3501.68014815077,4,2339
-4443.44283188529,-2765.5678275985,4,2341
2103.34779826633,-3358.21862409807,4,2342
-2443.56010163422,4592.20177759331,9,2344
-160.617076700498,7560.8094197287,9,2347
6433.58131196058,-556.027505128042,8,2350
1012.63215422451,-3623.8383125751,3,2352
8778.58793389168,1871.01639629843,8,2353
5327.47107254341,4564.12594579636,6,2354
738.235347990589,-3562.74596909754,5,2356
-7987.41921718619,-2720.35126062953,5,2360
2024.74524406505,3381.50554097185,8,2361
-3125.55498676503,-1202.65724626644,7,2364
-1572.02172622027,-2976.15891800783,1,2366
-3748.30797866251,-2041.3597374124,4,2367
3068.29066858097,-3341.57752224166,2,2371
726.078230781876,12706.6301112637,10,2372
839.240522628042,-3338.74216056076,5,2374
2527.05120446525,-3610.33895869935,7,2376
1812.27520672307,380.484789432593,9,2378
-2666.78114949797,-4852.90515847763,4,2381
3095.7392095656,-3578.56312830931,1,2382
-375.775117124366,1305.16466906983,3,2385
-8272.82162849853,-3989.71850411384,5,2386
-10140.6718673579,3225.96629301902,5,2388
4745.6376885299,-3862.09835919222,2,2389
3425.24201182243,-6372.92200270402,4,2392
5646.75397664739,10800.9024509384,10,2393
-128.978524305108,-2761.69116318282,7,2394
7339.86831935585,-3336.16221356958,1,2395
-6063.60225280374,-1073.97564813052,1,2396
-2022.59128261777,-5236.50561143374,4,2397
3269.53760780042,-989.468332923327,5,2398
-4625.78861213167,-1867.08809797231,1,2399
4765.21817732074,6718.54580160155,10,2403
8192.82254232657,538.209076768956,8,2406
4810.43264506849,1027.96864745082,10,2408
4268.01219216697,8823.65595218052,10,2409
6156.64438293833,-1257.79587154218,6,2413
2076.9541730106,-212.866245114843,3,2414
5260.1574894214,-4859.74254341227,2,2415
-7801.90013200176,-2069.65478030686,1,2416
7025.66993066659,-4118.67050615636,2,2417
5596.79860426435,9197.66905073756,10,2419
-7163.87952584892,695.913460750553,3,2422
613.396186648993,7064.70404574788,6,2424
-5838.36904565146,-3313.05723148756,1,2426
2343.42861403827,729.662286520488,9,2427
5941.73952557011,-294.895656646587,8,2428
-7474.36054989092,-175.722052879615,7,2430
-1972.91595893561,8838.70277637428,10,2431
-5739.27053606971,-3773.99895619198,5,2435
4264.69425405166,-6259.56608440222,2,2436
3768.35414805213,-985.622212799791,7,2438
-7103.4464576618,-930.863694348571,3,2439
-7263.75120522554,-2126.95546673057,1,2440
4100.0444828278,-4681.53228072005,2,2441
6271.647793702,298.646608535646,8,2444
-879.393988546525,-1271.26845396564,1,2445
4482.29571227901,9080.37069593434,10,2448
3373.80259668417,-3644.89544678187,4,2449
3530.11835392512,-4448.55969539211,2,2451
-2952.53927844662,-1946.20553926159,3,2452
-6442.26632206689,-563.140997076823,9,2453
5559.1580505341,-4615.83132377701,2,2454
-2044.64778018146,1295.82501205281,9,2458
-123.961220585001,-3485.30595190272,2,2460
-860.692522184156,-1826.98965986309,4,2461
-8524.55907707448,-1931.31145907769,5,2462
-7420.09193646799,1676.35328901067,9,2464
1901.89919185188,2842.28431656164,9,2465
2472.49902108828,2874.65557365488,6,2467
3938.29477454858,-4360.52967534671,2,2472
-9429.19146716765,876.084730129941,3,2474
2154.4135157251,-4623.75612406259,1,2475
-4298.05989391464,-2869.72847330106,4,2477
4313.13305816479,-4323.75944155407,2,2478
-8856.73085053863,-2884.70209673436,7,2482
7578.48083795306,-423.982897943831,8,2483
3865.12247535859,-3764.74301626919,2,2484
7032.9564912821,-4509.24969245665,6,2486
-4019.63373859376,-87.4648044653158,7,2488
-6849.928014655,-2545.03276717688,7,2491
2612.37543553587,8075.33132839638,10,2492
-5485.18855203033,1185.54893952476,1,2493
4699.21376678254,414.617990342188,9,2494
2654.14348757758,14801.2946286499,10,2498
3440.22258609591,-4804.3997893591,2,2499
330.597737993898,2928.69081386091,9,2500
1223.73505459693,-4085.78273814874,4,2502
1992.93595026474,4202.16173543537,9,2507
6528.06549157113,-1276.10270628306,8,2511
5943.95191323869,-4159.3087343059,6,2512
-10300.1394345439,-4239.26723349942,1,2514
4139.53238449117,-5402.16708071314,4,2516
1608.24598551641,-1612.14614180675,7,2517
-8061.8237438592,1053.73254156554,5,2518
3726.56719134804,-2166.39645015013,4,2525
7268.89841056873,-2029.82858567777,6,2527
1060.95780773427,8372.59254421566,10,2529
1674.00770389096,-1666.59948480517,5,2530
7203.90732767578,5436.76631388987,10,2531
-6626.01034590029,4581.86566729495,9,2532
-6856.68123782872,-3443.92096100116,5,2533
-9883.40542253527,450.501960661062,5,2536
-3797.55562012745,-4982.46787025109,9,2537
5738.54374929875,4506.65686665102,10,2538
1734.19681382013,-3887.60803783679,2,2539
8822.76552322628,3778.05861112607,6,2542
527.961442365832,-3027.24443943438,4,2546
-1631.03849000426,-1675.33746172102,3,2551
-9000.1578567735,-1696.46554100161,7,2556
2682.15948298578,10126.6053220993,10,2557
2409.25229997995,-3836.43734924865,7,2561
-3731.28095147312,-4623.62445407305,4,2563
3088.05985857459,3922.30956755165,9,2564
7634.23749410642,-3493.00750589777,6,2567
4740.55880748442,10954.7738003068,10,2568
-5378.25872103886,-1937.71961881605,4,2569
-6615.39191553699,-154.796729794229,1,2571
601.525616712748,3960.42378502109,9,2572
6701.85852062632,-3699.85052910168,6,2574
3573.55210994075,-4551.9802704943,2,2575
-8504.0599151808,-333.749105455952,3,2576
711.80994487115,-3515.02623759434,1,2577
-359.4830230023,-2374.84798231002,4,2581
4817.79835093324,7965.66055667663,10,2583
-7658.38128158667,-4871.53542843353,5,2585
-7027.89426724332,215.988998105907,9,2586
3976.63449602472,9564.64579804294,10,2587
1985.85497256672,1239.08099297704,6,2592
-2938.74719389721,-5690.43251218848,4,2595
5688.89674286066,-3379.66974892034,6,2596
7475.96118290084,1142.38609740368,6,2600
6881.99215010221,2406.57881894055,8,2601
7257.80991458783,-3124.53385790685,6,2603
-6483.57010107082,-482.42544155432,3,2605
6807.0651316963,10298.4348222717,10,2606
4828.97159410133,12809.7056680968,8,2610
5212.32679501375,-4710.16688639106,7,2611
-527.631022732331,-1149.25576263594,7,2612
-7971.91940876946,39.8940119856427,3,2613
-7691.54245165345,262.654783976174,5,2616
2258.73294130029,4660.93242508119,9,2617
5882.44369313379,6961.84006311013,10,2621
555.173381863274,4709.55544885079,9,2622
8944.97379970734,1644.89865315564,8,2623
-2259.6028502247,-176.05418390174,9,2629
-8709.11964174143,-1831.31244080125,1,2630
8070.05874422955,-3943.46450818326,2,2632
1546.03083410778,-3981.34310787532,1,2634
-9059.26785329521,-2317.49152199269,5,2636
6074.72044373703,-814.826082169812,8,2638
-7179.34304659672,144.30484930964,1,2640
-12344.4721537545,3216.12637638673,3,2641
-11261.028494573,-1659.48856998432,7,2643
5330.78758877818,4192.31643386322,8,2644
6518.48804914264,-1261.02829212284,8,2646
-14422.1983201125,-510.069985510354,5,2649
-2593.03886809792,2638.64192021933,10,2651
3562.809493602,13640.7717224569,10,2653
7288.40682597703,8688.51001705229,10,2659
-14187.8423508494,7937.20507900069,9,2660
-4974.37895502591,-3942.99803104702,3,2662
2014.84074539553,-4208.8854245497,7,2663
-3819.48836099956,-535.947440088275,3,2668
6214.3601579406,-1627.99015442049,8,2670
4838.49378709116,-4972.05168140964,4,2672
-817.321280775897,663.179086300347,3,2674
-2938.83382345883,-2835.29118628956,7,2675
-1572.57402912601,16655.2962436427,10,2676
5040.99011739767,-5134.33522470655,2,2677
-4984.0200331046,-1061.14468234119,9,2678
-797.093677426945,5269.94511895612,9,2680
5699.83179615728,-2933.80532874351,2,2681
-821.839053346136,-1315.18394597832,1,2685
-8515.63825708802,-3011.28903097177,5,2686
5651.63999405518,-2380.2677728473,7,2688
-1973.55087676253,-2128.16758661627,7,2690
2204.71318517008,-2931.75007895196,5,2692
3542.19372671217,4116.81912594275,6,2694
6296.87025884237,-2307.53119638908,4,2695
3589.29080102509,-4456.55025594337,2,2698
116.869390715092,-3674.18572558057,7,2699
-3183.73899444952,-4786.61210210243,5,2700
-1664.67517900883,-1707.54303579611,3,2702
-5910.33963230294,-4398.70911983978,5,2704
-6722.38040643823,-478.99161208891,7,2705
489.042661716798,13949.2330005018,10,2709
5782.98717821701,-5108.91193866616,2,2713
4486.06951389917,2262.85708601472,9,2714
8276.0219738181,-284.351027822385,6,2717
-6098.66728017194,1238.47589210266,3,2718
-2653.6604473406,-2054.21718882211,7,2723
3748.27133755667,10474.2843603577,10,2727
-5915.66748453976,-3477.16230079586,4,2729
2788.752808839,-2985.96336252181,1,2730
-8569.75580412757,-3769.20381256007,5,2731
5793.49408390052,-404.600114047207,6,2732
-1542.83449390934,-412.215186934607,1,2734
-6219.77026413601,-2821.58157074622,9,2735
3497.58920605887,6814.81179976536,10,2737
2161.27017231835,6756.13309356716,10,2739
7098.87577605763,5199.12562122882,6,2740
-4030.53636825746,-8.25030645954543,3,2741
-675.317337752278,7667.45122459723,9,2743
2515.7707668272,-548.583940856547,9,2745
3462.44453498525,-791.583279690445,6,2746
-7305.323738017,-781.17765611897,3,2748
4617.56137876181,1886.37721326601,10,2751
5266.61053444537,-3713.97938364315,6,2754
-4747.2412956014,-846.799294491426,7,2758
5241.4941843439,-459.916689744952,6,2759
5080.85385903593,-2247.22203816716,6,2761
-5761.57494326217,3357.59584575924,1,2762
-4541.19236706896,-1660.90062420706,1,2764
-5805.45663270584,-660.336453002912,5,2767
959.808403575341,-5179.26400019494,4,2770
-3732.482866337,6939.59324611435,10,2772
-5457.34812893481,-3868.35162167309,5,2774
-7804.47324480267,-2651.13564076512,5,2778
2133.80323365696,-3251.93784038802,4,2779
-7130.70481895145,3853.1766793373,5,2780
6519.66260149384,8580.86392731395,10,2784
2500.78639482313,-3941.52413476772,4,2785
4564.21715776531,-3661.86278152987,2,2786
4281.56179721318,384.392026737817,6,2787
-8611.30254185799,1307.86839797785,1,2788
-5245.62447144731,-4446.16458206748,5,2789
8399.54012335874,3979.83141283147,6,2791
4103.94672765701,-4008.18869768542,2,2792
2473.72012654768,5510.39572089001,9,2795
4869.55679131953,5653.89506544274,8,2798
7974.41089821834,7520.23295235703,10,2799
-1497.5151495526,-1156.82179284507,3,2801
7541.94656522909,5.08018539221577,8,2803
4912.79525082364,3455.52095674725,8,2804
-3293.60716114025,-2782.683221772,4,2805
1642.49045922873,-3626.65618032473,4,2806
-6378.31938100971,-3322.46337710031,7,2808
-4295.95514863028,-2716.86488448328,1,2809
6350.02351791516,9798.71091547836,10,2810
7942.41416412381,8048.172774258,10,2811
5456.15335231501,-2756.24029325761,8,2815
4930.41087859502,-5019.74549013922,2,2816
5592.02271964771,1020.78515454039,10,2817
4910.83341961068,7218.40668659027,10,2824
-2008.99842774161,-4809.16968346129,2,2825
6421.69357092706,-3815.48849045996,1,2826
-13777.5742071491,6031.9910252529,9,2827
-1902.34305098353,-2355.95343230522,7,2829
-304.252900367771,-3341.03593873951,1,2833
6463.33991458531,5167.08436139955,10,2835
4337.36496983177,-4045.71601877117,2,2836
7773.46415270686,-3215.1456930745,8,2837
8210.24331074267,982.607743868675,8,2839
4873.5549085723,-5046.40745549374,2,2840
44.9338333763745,-2282.99679490468,9,2842
6615.41433214272,-228.11608447308,8,2848
-6130.84028337999,-631.649618730622,5,2850
-7425.74481333615,-90.9549531411932,5,2851
1837.80159100701,6885.5782830902,10,2853
-222.797482476434,-3800.67780770604,3,2855
6719.26788755185,-3699.61926374352,6,2857
1711.71209058166,-5073.38165738317,1,2860
5631.58078943801,8117.53358189062,8,2864
-1593.59968303333,4329.88004409136,9,2866
1509.80979890185,-4784.90548741973,9,2869
1628.04696810697,-2778.6446333248,7,2871
4106.71841679464,-784.415652454676,8,2872
-1413.49142706015,-1443.3411023037,2,2873
-6978.92919381463,-2776.30985684413,5,2874
-13095.3492124666,-773.497248588493,7,2876
-5689.79119892838,-2106.06260122244,1,2877
2496.61975930044,-2209.09869339106,1,2878
-2776.79152690003,-2715.5606804261,7,2879
-8836.19252128806,1739.01029767576,9,2880
-5879.14900857695,701.261531259509,3,2881
8077.03286907403,-3670.47923120535,6,2883
2274.62480006798,-4602.24735117481,5,2884
-7378.34718174231,-1434.77640620248,1,2886
285.349188117393,7102.00104928896,9,2887
-674.140417310181,-1456.54477668245,5,2889
-10200.348514173,889.053649711551,3,2890
6259.05435117847,-2462.08836992713,8,2891
6439.52341369612,-4122.02867311669,2,2892
7763.27212380335,-386.360492038656,6,2893
1870.14969091527,5378.24494936292,9,2895
208.297886092987,-715.280631564444,1,2896
-775.033708812832,-4167.14984402115,2,2898
5356.35988314825,-5894.64961323764,4,2903
-5161.28368259322,-1550.50026365808,4,2904
-1150.43460135406,-2828.25379044542,2,2905
5122.78455959813,500.018187095258,6,2906
7350.82587908737,-4809.9641906921,2,2907
-6389.89862489699,8197.59593164728,10,2908
-7017.22736086283,-2621.76513697121,7,2910
-810.689238109612,-1209.25934121129,5,2913
-1570.19031677198,-3450.78617267192,1,2916
-4475.873262602,-740.413292053158,5,2918
750.90017822339,-1836.26855985426,4,2922
-7857.84211589239,-4161.82696483931,5,2923
-5850.00729005738,-2498.63935271954,1,2924
500.939836858158,5668.64503147767,9,2925
4222.34860128616,3033.18384609774,8,2927
-10230.2455909466,4245.43934903216,3,2937
-4588.03614962327,-1011.05294297792,1,2938
-9313.12639770467,683.976682407153,3,2941
383.159727948349,13588.1926292684,10,2942
3565.32017767258,-4485.3267071087,7,2943
-6856.72755167753,-82.1084699391885,1,2945
4047.49105286389,9827.39230856707,10,2946
4056.12900935164,-5822.43503582049,4,2947
3016.13512429053,-1386.04913695288,1,2948
-2449.89824051166,-874.104363736752,1,2951
-6467.21163983215,-907.598677945705,7,2958
-3725.17996096738,-2986.04642651901,3,2959
-8252.5983288927,87.059159341981,1,2960
-929.356298170147,-799.359184845355,1,2961
-7491.23014020795,-1223.56523605276,5,2962
5304.59990005173,-3650.23884719936,4,2963
-5830.80716832073,-3206.09895289318,1,2966
1287.69325647253,1239.9668840822,9,2967
7286.08978794199,-2365.22476558575,6,2970
-2886.67036794722,-2561.99240015154,1,2972
-9406.39019959555,69.4291543029731,7,2974
2124.36137572646,-4256.52776128258,2,2977
3796.94043016791,9269.07298902061,10,2982
430.071284092363,8380.13226816857,10,2983
6176.60669575165,-1302.88969795937,6,2988
7331.59760924545,19.694375243829,6,2991
952.868058075769,-3436.39599606057,2,2996
-3671.94059282782,-840.856171739512,1,2998
-8459.22402132925,4429.80864458251,3,2999
-2551.99808072163,-3707.32691087905,7,3002
954.428156282598,-2751.25584410299,2,3003
2438.09706316948,-2232.54014264186,7,3010
6318.82430055682,-1970.22670287926,8,3011
-537.419824661803,-869.734509332525,4,3013
-5135.60926536116,-1182.07566740806,1,3016
1298.96444618131,-4722.85982524834,4,3020
6242.73593833043,-4103.07905392738,2,3021
2470.12258161672,14925.8669762,10,3023
1054.87010648587,-4396.51372180171,9,3024
-5148.8087004913,11669.2154863434,10,3025
4999.24233067193,2091.76825062408,6,3026
5030.47758393336,11774.1039166995,10,3027
4729.80343480282,891.855602078462,6,3029
7878.15565980002,-2055.98551839353,8,3030
6583.62522925808,10915.2924505121,10,3033
-7812.69721699935,177.619000675122,7,3036
606.926009058935,-1238.96116563288,9,3039
301.075496818937,-4468.72969913753,7,3041
2254.57494448183,1957.44407177806,6,3049
-3006.98497478822,-3502.65647003374,3,3052
-3343.26589298375,3545.41794437261,3,3053
-513.101024065369,59.0743177656961,5,3057
5550.53825096254,-2383.00250360996,4,3058
-1635.79404248087,14869.5178937822,10,3061
3384.89367685784,-3634.77143727153,7,3062
-1270.69301272093,-1705.475868408,1,3063
5527.92731494803,10302.4837546106,10,3065
-9552.26924558481,4647.96200733316,9,3066
6379.7436495604,-572.754367526711,6,3067
2857.74568699188,-2973.85885659263,4,3068
-5197.69213631063,-2020.63849037475,3,3069
-5787.44160782829,-540.4397452288,3,3071
2794.54203482432,-4258.67999958353,7,3073
4585.59608587373,-4862.79317188874,4,3075
3408.01302302486,-3417.04598334212,4,3076
-11004.796282462,3052.30939717886,5,3081
4264.89196309936,-705.087614496652,8,3083
6127.52199389655,7763.03987157772,10,3086
-2163.05413103401,-1309.82516577758,7,3087
4161.2501797888,-4312.4205137679,2,3088
9595.73631847486,1661.70288310862,6,3090
6323.32285830408,4217.58487878793,6,3091
4629.65174512428,-4226.25803089114,5,3092
5100.26073890388,7822.92369768016,6,3093
114.425101810042,-2166.79327901173,7,3095
-6598.87731820517,-613.849972671422,7,3096
-5219.74450475848,-1095.19106037192,5,3098
-2443.37470088462,-2543.24837750858,5,3101
2447.73938267219,-5663.80215455717,4,3102
4791.65633390463,-4645.18326218922,2,3103
-5856.0365400143,-128.727976178701,7,3107
-8520.8592872543,-1090.54987597989,5,3109
-3348.2890107725,-1424.88594985487,3,3110
-3232.64402594154,-999.02351484815,7,3111
649.237102752359,-1637.15280030963,7,3112
4642.05769447969,-5107.52087595951,2,3114
5782.1697759799,1991.42439964264,10,3115
4784.44442656193,-3100.9324299156,1,3117
-5122.19325012454,947.278101949118,3,3118
-1850.24115035881,-3535.25633014282,5,3119
-9628.71363806387,1609.87054299593,3,3121
-3718.22564878162,-2156.81773513098,1,3124
-930.213511190833,-1977.49523383174,4,3127
6625.54347219496,-1465.79865175124,8,3128
-11094.2904826445,-1480.26614077513,5,3134
7975.63777067818,-1372.45736828733,8,3135
3945.94666670627,-4145.7859089334,2,3137
-5225.90802453477,-2361.7276260946,4,3139
-12530.6743840249,2992.85540200305,3,3142
5886.66368854395,8553.13048455345,10,3144
-8400.30232984224,-234.228970579817,7,3145
3802.21299559488,-1165.13459112919,8,3148
4578.1078500906,-3092.40454694179,2,3150
-4871.96923795696,-798.818891951004,5,3151
4359.87976976282,-3847.65491160623,2,3154
-6697.23657576877,62.8070965881037,9,3157
4049.25452297658,9453.74066771878,10,3161
-3757.89871706072,1389.37387909845,1,3162
-5234.36725315432,-4814.73309710036,7,3163
1309.25215930716,-2737.27815135016,4,3164
-4985.96926112764,-4031.85952904924,5,3165
-2772.68677843279,-1137.25966940884,1,3167
-2589.47009671241,-2758.19462788223,1,3168
5533.25740734665,9343.81922861509,10,3170
-2194.87378802741,-3284.42787533359,7,3172
4498.85392163447,7354.60607404862,10,3181
2155.49614870947,-4551.3290624056,2,3183
6066.63259589932,-1319.83906132796,8,3185
-10208.7318761707,337.427025212068,5,3186
9756.34620306098,2872.48047054975,6,3187
2858.14415721581,-5417.75892221766,4,3188
-1750.93077878109,-2803.4294029532,1,3190
6779.52505168479,-201.020572416329,8,3191
-314.358139193299,1754.63738972338,9,3192
5804.05364487225,-4471.05176971873,2,3195
-1326.93856628406,-2588.08572278917,5,3198
-869.528122363754,-3089.18525967419,1,3199
-633.405472471782,8262.37714286458,10,3203
5951.26479414091,1061.75606205309,8,3205
5615.11782374732,389.124435344415,8,3206
-4773.31951579068,-3818.11200085469,7,3208
-7121.81977298273,2019.3858868957,3,3210
-1579.02314737522,-2230.99208015199,4,3212
990.871129550153,4266.51864456781,6,3214
4169.79865343497,-601.715166294399,6,3220
-13477.1350659301,388.44217860856,5,3221
1985.6326181679,8421.55156813833,10,3222
-6949.32181714621,-1587.17620661499,5,3228
3697.91906791193,-1535.14934939532,4,3229
-5902.91417381642,-2527.23035794839,4,3230
-4344.56404214722,9102.77729881743,10,3232
-190.815832423852,14857.9474877701,10,3234
-5166.42175627308,1763.33674427977,3,3235
52.6961440963593,-3677.1592982966,2,3237
3441.02310366285,-359.877321605505,6,3243
-919.702159010807,-2749.01263802108,3,3246
5484.85477023776,-419.297342555327,6,3248
-5431.94035154257,-3034.93169982158,4,3249
4965.95435442551,1358.21862235466,6,3252
-135.188573643616,-2785.22376894779,3,3253
-9530.87206470004,1144.12033692523,5,3254
766.071937668935,-3303.6513645733,1,3255
128.651989013017,-3652.77909821756,5,3256
2817.29009111868,-2128.75040378682,5,3257
-1364.24046905957,-4379.6554515847,5,3258
-10239.0025350417,994.604979249054,3,3260
5897.51628151257,5112.88368147067,10,3262
4638.6744361037,6674.27006655246,8,3265
1527.86478584964,-4484.94075232539,2,3268
-9109.2136932585,-1575.15986838562,3,3269
-2143.0136922554,-3580.75162998124,2,3272
-4026.64207215001,-3277.02189196905,7,3273
5605.38092767222,-490.552827257711,6,3277
4046.64499519003,-3140.07195109207,2,3278
5073.56506703246,-4981.97048180006,2,3279
5895.79870550678,-2305.81030900475,8,3281
2561.90333057461,-1838.96887182788,9,3283
-3795.24377201132,-3784.04748688036,7,3286
283.572715236762,-4039.34830566523,2,3288
2797.65710738941,12963.9093825986,10,3289
6466.80150378887,122.760433750113,6,3291
4755.78792349306,7982.97964336083,10,3294
4678.31598697984,923.0948555542,6,3296
1307.03184968909,-4216.08599493739,3,3298
-11579.11514186,2407.46761500729,3,3300
6685.75974688651,-3044.37121961532,6,3301
4238.83572828549,-3246.3209478024,2,3302
-883.876582709987,8617.57444315116,9,3303
-11673.4371756018,2106.01472942272,3,3304
6583.69674648126,-4348.09324451235,2,3305
-206.878164765546,-3711.52171151397,4,3306
4260.90185923534,-4963.02903625549,2,3307
-1885.01121000755,-3855.71715389962,1,3309
2024.69721090968,-2933.63680194932,2,3312
-6384.81971700459,450.339617055986,3,3313
4003.53316883956,-4028.80434456864,2,3314
4129.92910303633,27.1451849731699,6,3318
-10059.8777861069,2363.40254189674,3,3319
5137.76482152704,-4286.45447745631,2,3321
3452.14250422779,-1700.80174743513,9,3322
-7175.77142341586,-3742.88406727743,5,3323
-641.276433670682,-2498.96524164651,2,3327
-187.462029494312,-3458.97256048554,4,3329
-11213.4584274159,161.667796455531,5,3330
5295.98661035014,-5185.09192854617,2,3331
7264.95207090538,1267.58463308724,6,3333
3639.53664164523,-3889.23256265748,7,3334
4153.670959084,-3587.93620388349,2,3335
-369.868419329525,-2532.55030216037,4,3339
2696.88205069256,5998.77611353327,6,3341
-4155.97711326851,-2153.89751313616,5,3342
6383.63329790747,-2013.64173328104,8,3347
-10409.9767343363,4358.25298611248,7,3348
-3854.79383984105,-583.12730847398,7,3351
-994.632371574039,-2563.3734600503,4,3352
3780.32538730964,-5668.29746630063,4,3354
937.95159954738,-2696.89226268942,2,3356
5836.10784935472,-3040.32679520738,1,3357
2239.54897561843,11818.4114671244,10,3358
-7112.35647319929,-3108.71971614796,4,3360
-4071.03484179664,5285.47205432753,9,3361
-5097.51334059386,-5475.40601505914,5,3364
-6906.85197164694,-3671.54995635854,3,3365
-2840.47083863134,-1832.76084041186,1,3367
-3022.80759026819,-831.006279544121,7,3377
2251.44589861564,-602.077891427182,9,3381
-235.954669352185,4278.45199579902,9,3383
2187.03951269458,6112.60358087547,9,3386
-3536.40673641352,-3650.62429746026,7,3387
3253.86632542598,4929.04148981036,9,3388
6454.19042365393,-1419.9590109613,8,3390
1583.48906776245,-2604.20376713519,5,3391
2946.39604456861,-4171.87601685837,7,3393
1484.84791726277,-1970.42866378761,2,3396
2939.18904816435,6960.37881141644,6,3398
3659.15750598105,5448.26901743788,8,3400
537.40140444428,5681.43949056516,9,3401
-3233.18019700004,7828.0698673686,10,3405
3573.53661421152,-4512.66247027492,2,3406
4483.68764009357,-4283.89913709811,2,3410
6043.34734686338,-658.355025346639,6,3413
4790.14753821318,2924.82242554755,8,3414
4196.16150998828,4064.07434960841,10,3415
3355.8547333519,9356.92897861027,6,3418
2512.12896767846,-3235.30593844953,4,3421
3167.43040150826,-2038.03392976618,3,3427
-9303.96172690614,4369.87052859013,7,3428
-3951.08801487103,-2170.82691413422,4,3430
-4266.00790813025,-3974.79067403868,4,3431
6631.54365019112,3441.57402601336,6,3432
7484.28145381508,-2549.2415496458,6,3433
4710.67248684137,-425.269766314855,8,3436
7528.44590846665,2706.69294366264,8,3438
4679.66334278391,12787.8869063511,10,3440
5267.76325730621,-1245.89026567087,6,3441
3788.75648304332,-3140.47022298201,2,3442
1092.8023687312,3741.6233703158,9,3444
-3427.70892926331,-2494.89147155817,7,3446
-1388.13068930939,-3338.8552720808,4,3447
213.539151131391,3245.01616611521,9,3451
4185.44012928951,-3707.8205470283,7,3452
-2730.82616005921,38.3640359921878,3,3457
-10142.2231168478,4326.60985450433,3,3463
6757.53320975852,-3630.12964043792,9,3464
1906.24168866841,-2663.31795218053,2,3466
-9051.72808744065,-2769.4337961422,5,3467
4183.52249934044,-3790.96247732352,2,3468
-795.784877845,-2090.35270623091,5,3469
3191.03234647049,-3091.79468606992,2,3471
2274.65116091197,-5633.61510215691,4,3473
-7381.68017171936,-1785.87774279975,5,3474
-5666.67592092638,-421.745146173547,5,3476
4319.09989212709,621.044850708944,8,3478
-664.736662739133,7085.27980356249,10,3482
2051.51993432719,1109.70990119292,9,3483
4858.10022015795,1742.52716201762,6,3484
6188.41044972055,-4850.38373450109,2,3490
-3622.82633506844,-3158.75216412028,5,3493
7490.38968095245,-1264.67308503445,8,3495
8045.06557639085,-659.952871095553,8,3500
-3708.28820061995,-2558.12288492395,3,3501
5032.3582370346,-138.858735228827,8,3502
-4972.88763858302,1611.28884790376,3,3508
64.9393748019127,10209.6186999077,9,3509
3415.51359231694,7933.8132237443,10,3511
-1060.68654035617,6697.1527697091,10,3514
3755.55729893675,-3678.62129669021,2,3515
-5884.53311761196,-746.277595353122,7,3516
4256.51505154027,-6502.7257730234,4,3518
-1908.28814361011,-4926.55081667775,5,3519
-4334.69262648253,-1417.1392816392,4,3521
5206.01086117512,-32.7798226976126,8,3522
-10916.9885874917,2860.24438399059,3,3524
-1535.76047651752,-1018.42472902287,3,3527
-2762.56564223477,-2354.78966474715,9,3528
1980.96638486852,-5629.55149484566,4,3530
3056.01074237404,-3867.15267091429,4,3531
5657.22320692118,116.474661297845,8,3532
-7111.2174825856,-703.493517497255,7,3533
-6174.46993162719,375.601255067727,5,3534
-9498.64783563546,1004.61015404569,1,3535
-7392.3389499982,-4767.88755018218,4,3536
-7408.42720547878,-3725.12167210843,4,3539
-6948.55151701175,-744.172964094253,5,3541
-2361.19077415698,905.09989997118,9,3542
4201.13344313383,-634.623939924728,7,3545
3187.62688414636,-3572.22466321482,2,3546
2126.41042399886,4935.73729829406,6,3547
-3059.76519291367,367.625462676575,7,3549
-3305.99537241005,2520.85269502901,1,3553
3509.10351710479,-3770.43007759137,2,3554
2712.78612457005,2667.59336267392,6,3558
-4158.61149572654,-1422.90339795809,1,3563
6611.07681196442,-1719.23963660795,8,3564
-4748.54706856558,1633.50960230418,9,3566
6705.92415978238,5621.83348812588,10,3567
5771.94328185123,27.744896148441,8,3573
6090.58371694141,291.697705936779,8,3578
4683.27121652528,978.391217857749,9,3579
1713.25296104342,-5117.32221425941,4,3584
-823.145194731754,-3476.59584360864,1,3585
-3709.23112465525,3911.65970673629,9,3586
-2190.30824558558,-2077.93646971809,9,3588
1790.38586670145,4714.23248275939,9,3589
-1006.86482801989,-1093.11238009614,1,3591
1288.37207570519,-1719.37300444538,7,3594
1020.09879780208,-3569.09040286758,7,3595
1451.94736245053,-2839.30482466526,7,3596
4413.31231113479,3605.61599531851,6,3599
4063.59496904639,-4647.51938412464,2,3601
6750.01286361458,-3779.24150232744,6,3602
3441.30177016156,-3869.28030575265,2,3604
6602.91317936633,193.390691687563,8,3605
5888.89698573581,1335.51460015843,10,3606
-6621.84993403424,251.97036998151,1,3607
-892.18711610611,-2541.08378407781,1,3608
1827.05501481205,-1435.97180340198,7,3609
5590.98724755393,5974.6897049435,10,3611
-6668.98688753771,3125.1236043337,3,3612
4536.32418854434,-3780.75192211023,2,3613
-9136.73309420314,3139.39632104956,3,3614
6515.73850274224,4503.47798529803,6,3615
-2558.22430581193,-745.281145904426,1,3616
2157.11867088572,-4164.74940888468,4,3619
-3115.37280388128,3860.00340642128,9,3622
1557.19067954806,-4053.64363635374,2,3623
3020.79577386404,-3384.29794704038,7,3627
-3548.40784141601,5173.30497706352,9,3629
1322.95429919543,-3318.37609962652,7,3631
-7480.84483413446,1649.20274675833,7,3632
-3243.43575982268,-2210.5607469088,1,3634
4321.76946257769,-3610.96576245086,3,3635
1339.32400393161,-991.863964551437,9,3636
-1188.54119531017,-4651.1280686136,2,3638
3909.74472728952,3782.87892353721,9,3640
-4969.18541083451,-1043.08194498049,9,3641
-286.411687313353,-3310.81901832763,2,3642
-3781.11519887438,-2242.65270759636,5,3646
5150.16785170182,5726.22900877898,10,3651
-7174.13209295333,1412.92646850785,5,3652
-6989.69986500171,-4152.44067547019,5,3653
1906.34856564221,2258.12683699983,6,3655
5092.82114225643,-4442.95185418785,6,3656
-6691.14370805832,-3729.57411796135,4,3657
6012.66652280945,7837.66936517009,10,3659
1191.1343795446,-3052.9150932703,9,3661
-5732.74502127346,-4033.45027423277,5,3663
4623.71793338459,-4971.01355870572,4,3665
-6247.10835956072,330.387746009375,1,3679
8119.9845381689,-1348.74481540924,8,3681
3873.06411177119,-3652.69291020068,7,3682
-3853.14241819369,-2447.5505745723,4,3683
-9073.87016729589,3361.18079575402,3,3684
5359.14901238192,2819.07806080724,6,3689
3405.18723555575,-4111.54672200475,4,3692
-10858.7719643074,-305.898994217464,7,3693
-9746.90248793581,-667.436084613017,5,3694
-136.156793722272,10073.8040285109,9,3696
6869.5614759454,-953.587117016658,6,3699
5958.26439830242,-2247.07564495871,8,3700
3745.9190643976,-4384.61110679514,2,3702
-3852.9683736409,-2369.32629615243,1,3703
-3634.95103494538,-684.76267525398,9,3705
-5912.49130010158,-3998.1326555445,5,3710
7076.9186262941,-1948.42993541811,8,3711
3590.73910814764,-4359.79907254243,2,3714
-10662.9064799365,1233.08537050357,3,3716
7067.18854892415,7004.67751392019,8,3718
-5921.74810771361,6303.96604609868,9,3719
3600.14964275323,-4707.55709762417,2,3721
-5242.7517398078,1047.44250794626,9,3725
-1649.03845526595,-282.961117754297,4,3727
5071.41742654473,-4885.29662992596,4,3728
5787.49664714306,-1704.55240191542,8,3729
4955.22537423463,8247.69336890985,10,3730
-7985.12107721088,629.958023248008,9,3731
3168.94090155468,-3942.99400273212,4,3733
-1590.07107528361,-3428.74243681494,9,3734
4479.37037168221,2737.90087473308,6,3740
1251.95347940738,-3607.16690389299,5,3742
2398.77168777214,-2307.65341616425,7,3743
2197.75601348921,-4290.26004150166,7,3744
-2392.72173314562,9218.37902695476,9,3745
-1102.23876474938,-2958.38283434477,7,3746
-4947.82397560151,-1658.58220216538,7,3749
7766.14968963152,3310.85183017942,10,3750
-11617.3762839853,4387.63904740444,3,3754
2562.36450889476,-4993.54963344726,2,3755
-1826.9168026449,-2414.58302384924,3,3759
2138.94343191982,-4449.69442551937,5,3761
-9629.86989067868,2230.22441201211,7,3762
-916.878747928628,10905.2470183378,10,3766
-2213.84672171225,4836.4999527184,6,3767
-4003.42848162683,-1378.61909825372,5,3769
5279.38285015015,-4467.44515872907,2,3771
-3848.85109583253,-539.365867354356,7,3772
-10322.0730981896,149.688399547255,5,3774
6178.47401929929,-4607.03155234602,2,3775
5274.15414524138,3970.77182903418,8,3777
-5215.73438393127,-3706.21311466957,7,3778
878.606909263083,5638.76991789152,9,3780
-4154.43458058337,4252.32928491229,1,3781
-4839.74440482631,-4129.16120589651,4,3785
7090.58511723021,-1076.35484683887,8,3786
7351.92583506314,-782.471660452044,6,3787
4580.12632399339,12480.9900922936,10,3790
-5067.97289166588,-989.742335946345,5,3791
-6359.22299686684,-1242.18886652067,5,3793
291.349122761704,-5152.99849192866,4,3795
-2187.50560214237,-2820.3322350182,3,3796
5707.39052286135,2654.14106291228,8,3798
-4827.12779057177,-2814.64254146498,5,3801
-6093.15609184034,-860.422835412314,5,3802
6020.10570952349,-3062.49932658303,6,3803
-8707.40781552798,-276.180458052571,1,3805
-4626.38434383051,-2667.01767786511,7,3806
1894.4641071116,-3861.84427695442,7,3807
-5136.2780360101,56.3195539592668,9,3808
4737.19061194955,-5335.37387410889,2,3809
6749.50269814921,1374.69407910698,8,3813
5271.31467808561,6564.22884921471,10,3815
9122.14996215468,966.727951071491,6,3819
-1867.90387203265,-1063.68923877582,1,3820
4619.35658690456,6461.9477812086,10,3822
-1234.8498788489,-4046.53502888578,9,3824
-2427.18475298088,-3016.12352500578,1,3828
2910.78659797313,-3731.47365976749,2,3830
5237.22295974184,7231.49234836581,10,3831
-4830.96218044288,-3128.06178343162,4,3833
6947.96708381623,-284.128470588134,6,3835
-9950.49079302539,2718.78123145904,3,3836
-6140.4341191189,1702.64154646035,3,3837
-8134.34704910263,4239.54971380596,3,3838
-1036.42345398996,-3601.59278237987,4,3839
2921.63905044364,-3635.32022625231,9,3840
2467.94542216022,-1897.00015294565,3,3842
-202.04051194981,-2313.71668091819,7,3848
-3212.58049243451,8073.56189200991,10,3849
-7320.24877700789,-791.452136119921,7,3851
-1776.41005572086,-3040.02391125911,5,3852
1533.18854141712,7249.34859176689,9,3854
5209.93869288824,266.017811870374,8,3856
8657.53807702152,4199.69856286602,8,3857
1982.34780071089,10763.7032506279,10,3858
-1464.09107934945,-2047.23698629795,7,3859
6104.74730368133,8356.73237962214,10,3860
-1656.96617453983,1689.50703639983,2,3861
-6185.83305202567,329.911304766709,1,3862
-6323.54966340027,-1521.75761450304,5,3864
-11652.3830497812,1046.11693471635,3,3865
-6581.43506440762,-831.092347491353,7,3866
3492.74587845383,-3638.20922801358,1,3869
471.639560867739,8702.49514881077,9,3874
4187.00375186143,2430.58002322899,6,3875
-1872.07859224168,-1623.53818214781,2,3876
3311.35487148859,1307.17419857083,6,3879
7586.55636508201,-1916.79115242055,8,3881
-5207.34873091277,950.852111212418,5,3882
-5179.07848460333,3156.48593194208,9,3883
-9351.02734849659,4206.56975132191,5,3889
-8617.4614289111,847.767100073382,1,3891
2430.98596763495,-2105.95745807879,2,3895
595.146501633155,8717.63293912966,9,3896
-7851.45471214308,-1822.99777576386,7,3899
-8344.86123414151,-244.683893106056,1,3900
-489.032431224528,-272.771457780519,3,3901
-9685.75987809196,-1848.60553547177,7,3902
6381.12390125414,-4386.71083329311,2,3906
2645.0243353609,-2409.1483671256,4,3910
-12626.7701791891,4976.43397999126,7,3912
-4727.79634637725,-303.678496176642,5,3913
96.4265540397938,-2892.71154844577,4,3919
4222.77168520575,-4426.11939970782,2,3926
4220.85963477383,-3941.47406754833,4,3929
1034.66425222411,-3553.18644614626,2,3930
-1033.36857554802,-4390.8653731669,7,3931
-3810.72606079157,-1866.11606204069,1,3935
-1151.87115619022,-6979.74449783692,4,3937
8229.75793280612,4433.96690916218,6,3938
5293.41784451807,-4141.63682865175,2,3939
4790.3285902932,3688.86528109617,10,3943
-2346.74039074054,-3773.372033328,5,3948
-3010.55512751536,-3251.23730073287,4,3951
7242.48782573966,5524.90233865258,10,3952
6211.76214759161,2718.52671686231,6,3955
3113.47261307469,-4908.82773839784,2,3959
-8229.22327314991,6707.58090405946,9,3961
2042.08151943443,-1726.50592310649,7,3963
1382.74971633,-2335.09146396139,5,3964
-4913.78034299218,-1989.14918285308,9,3965
7263.46026977313,948.032494976602,6,3967
-5424.84441983227,-1872.10978354589,1,3968
6429.47166319727,5362.12712165435,8,3969
-6896.82631806855,-752.158065022436,7,3970
-2609.86401149908,2473.91493136659,7,3973
-8737.78223245886,-670.435923233673,3,3974
-4725.78042137351,-4774.07489996582,3,3976
1425.81846925066,6633.25279799489,9,3978
-3106.54880976739,3872.76991752366,10,3979
6561.06994483506,-3008.4307089916,4,3982
-7532.15403517709,-2398.74336078701,1,3983
1713.2916813085,-5345.21135809476,4,3986
4596.81548804653,6341.4392025185,10,3990
-5499.70837393903,-1983.97802651779,5,3991
-5684.49987872257,-2392.54542057351,5,3993
-918.137020691749,-5006.92771222811,4,3994
-8927.94732937765,-3576.30066834652,5,3995
-12535.5728313243,474.432657569024,3,3996
6531.39102441278,1379.68011934555,8,3997
-1300.09943127657,-4125.62297307925,5,3999
-1005.01230012329,-3131.87479030218,1,4001
5924.5247789776,-437.794173106788,8,4002
-1857.96991949233,-5223.51889749184,4,4003
2001.10266732825,-1856.03919326647,2,4006
6115.8232106404,-3461.02717200296,8,4008
-250.10359477219,10739.0905745403,10,4013
-8379.30011754575,3283.90991486897,9,4015
-13863.0401026733,-155.124168589878,5,4016
-4919.37909244793,-1854.28722523793,1,4018
-2848.91329216995,7745.61670372845,10,4020
-4289.59002593327,-3486.11399240883,3,4027
4141.66438844688,-62.4330071768004,8,4031
-7732.70062467155,-1123.82677708681,3,4036
-4.84159811951526,-3537.42400286075,7,4038
-2766.39768943709,1571.82666207087,3,4040
-568.016140768531,-1840.34350283457,2,4041
-3850.73103012753,-2800.39273146857,7,4042
5258.96378617826,-1048.92490900662,8,4045
2080.84230696502,-3962.43606256241,4,4046
943.644624640734,9448.26831177346,10,4047
6834.55759770211,-2545.01155534605,6,4052
3517.66873641925,15457.5864545923,10,4054
-8170.14537188632,279.727296339844,4,4055
5900.85008842023,568.436549959416,8,4056
5979.1070353992,1877.16728191675,6,4057
6222.43685915577,7344.69027582514,10,4060
3609.19314628076,1383.6160140833,9,4061
-4305.6676306931,-63.1519503145037,3,4065
-152.736961024803,-2459.01809631366,5,4067
-2936.60831136761,-1877.90736218311,7,4068
5995.5543480248,7625.20061061008,6,4069
-1228.1869663905,-819.431629060092,4,4070
-8168.29709928832,3452.29859136136,9,4071
3477.82543508076,-4000.99101328388,1,4073
-11281.0171946214,-2004.81257529261,7,4074
3309.87380635066,-3817.9439398275,2,4075
-4429.73602443897,12093.8256497355,10,4076
3374.20680399968,-1017.42340535279,3,4077
4395.34004721679,4389.36933252355,8,4080
1936.79162809273,-3867.263079429,4,4084
6887.11179519495,-734.763222726495,8,4085
6164.90074036598,3785.72241914732,8,4087
-1134.50373544954,-3804.61793922174,1,4088
4456.76613998282,551.220017067584,9,4090
-132.41699175,-1880.34342902462,1,4091
5334.6536552628,6121.83875555676,10,4092
302.667875063722,2055.37405961682,7,4093
6527.95316762056,4377.66257444448,6,4094
4360.199186391,1188.43377815214,8,4099
-11001.1208064969,844.035863724685,5,4100
-7424.65081455294,938.636865524344,3,4101
-447.983262175866,-3142.6804559605,1,4102
4211.57911085076,-2970.31368270138,2,4105
-10150.8312270976,579.505947755621,5,4106
168.373273976785,3658.71459916913,9,4110
-10344.3061462574,2897.69384708182,9,4113
-5432.29919260176,3528.03422041366,3,4116
6496.31120163247,1413.24040471369,8,4118
7953.2335316145,-17.5176863249463,6,4121
5269.17027798268,-4689.50123546651,2,4122
5433.61018164433,2849.2541072569,8,4124
-5353.86762048132,3835.04684044547,9,4127
1111.74024111544,-2413.77703983681,2,4129
8927.03095414646,2184.01467916972,6,4130
4302.13290909613,-928.633661484017,6,4132
1974.10116087227,8789.69705750355,10,4133
5478.19102406339,2417.57835072467,8,4135
5752.91939397488,-4569.75525056318,2,4140
6590.98425555818,-3413.51753381676,2,4141
2625.31177002614,-5253.21458903248,4,4145
3446.7068317541,2006.6679325823,8,4146
6584.44921331432,1845.051306163,8,4147
842.433716149415,3670.03189702109,9,4148
-5534.60924144486,-1277.77801521508,1,4151
-4822.34532252598,-1272.0525697377,5,4152
6351.18451369728,12945.505065088,10,4155
7590.44806464832,897.367367415234,8,4156
2195.46417715779,-2880.29942486637,9,4157
4527.82321284483,765.529604932257,8,4160
-3043.72287117649,51.3123522761918,3,4162
4428.18023324102,-3741.94931894825,2,4165
-8220.15250229955,-1158.67731660473,5,4166
3455.04197116119,-3644.38301886879,7,4169
-12007.3701729641,-497.199188892472,7,4175
6548.77406420559,-1059.8834591724,8,4177
-416.172009673454,3353.58758875489,9,4179
5723.08179191042,103.29302000429,6,4180
1889.32478711092,-4684.19729967772,4,4182
-364.582986914771,2848.95288735363,9,4185
95.8207533180446,11551.0574409462,10,4187
-2963.6307765431,10826.9849009426,10,4188
4492.02060458746,-3494.85230887492,1,4189
5475.0901402337,-5345.29572367143,2,4190
5628.97374980549,-3846.46528316046,2,4191
-13197.175733508,-156.767740531302,7,4192
-957.462752328988,659.180378582024,1,4193
6571.64483836416,3928.85019655885,10,4194
-8918.5336782048,1295.40793861988,5,4202
8049.13954889139,-4127.1962916218,6,4206
103.38756335601,-916.777854522805,4,4207
-2230.16368616215,-955.0235942029,2,4208
-7805.69614753574,-1037.79838944082,7,4209
-2716.13951931212,-1383.25879701783,1,4210
4741.58455237659,1137.76841846334,8,4214
-2100.24396194689,-3261.46887600807,7,4215
-11767.0659964361,1878.38429116383,3,4217
-803.005756396622,-1641.17932810448,9,4218
-3226.97748357609,-1258.64201945647,7,4221
6503.0144756016,572.527390620442,9,4228
-5954.51393172337,-2413.6084960355,5,4229
-4000.81856934813,-5272.91772958437,4,4230
-4611.96164721113,-1736.07521237762,7,4232
-10139.823240252,-337.903804673869,5,4234
7718.56905205704,-2903.83287466946,6,4236
2241.43666109963,-4085.32265923216,4,4238
-7499.75053973755,-1123.38906280789,1,4239
-1902.05307675487,-2365.7221015563,1,4240
-3931.7020302176,-1613.83034271965,5,4247
-4261.65136398932,-1870.49291043032,1,4248
434.110128211307,-1771.73142908233,4,4249
5538.11556231744,2944.78122636922,10,4250
-187.044062796853,-3678.37325986038,1,4256
8180.66430512281,-177.331525947727,8,4257
-6900.08987350342,-3147.9198389736,1,4258
-363.929937908704,-1592.43047279973,3,4259
6615.53633000188,-4809.18826252629,2,4260
-4329.74813439515,-3831.4215618424,4,4262
2801.18897239741,-5875.52104837566,4,4263
3703.98340830351,-3499.5969459968,5,4265
3217.04854571598,-1769.42118531736,4,4267
-2291.78525011983,-5058.28660740914,9,4268
1472.80295449341,-3341.66031849385,7,4270
-7038.77100951722,-3383.28253073155,5,4271
4750.41963651831,-3884.24589377227,2,4274
6582.99324929402,2400.86234619023,10,4280
-1322.25622013001,-3007.19386191152,4,4283
5827.76740915704,8397.67063480631,10,4284
5536.83162739627,5059.55281684832,8,4285
-9593.6233391751,-1614.2680347316,5,4287
-8672.88541000555,-1740.09560878742,7,4291
-1351.52769196313,-1362.21009724495,7,4292
8980.59031938837,-1828.24945057519,6,4296
2603.9926351314,-4638.2572135513,4,4297
3481.49898581681,9217.83834584702,8,4300
2721.59279956554,-3248.9235022801,2,4301
-12050.3768051739,-456.723575090294,7,4304
3638.877011231,-2452.89221808272,5,4305
7888.25794797457,-4974.13983589871,2,4306
3577.40521734773,-5007.69208266573,2,4311
-5789.28640020166,-2602.75698245525,4,4312
-9053.69464444897,80.4872124110257,3,4318
7274.1342506471,-616.415491498545,8,4319
-8181.63865770687,-1173.77331960368,1,4321
5551.92091368583,4568.69499016872,10,4323
439.950399374599,-4832.46850446755,2,4325
-10515.740981743,2742.7922142856,3,4327
990.113239163875,-2114.46471345782,4,4328
6829.80333930709,-1374.26267290983,8,4330
-8254.256013346,-2270.38037872402,3,4332
-3582.28194896167,93.7073152528107,1,4334
-4104.37974192126,1720.92988189069,3,4335
-4930.12892975422,-1814.79345162663,7,4338
-917.845474288232,-4613.02092918554,4,4339
-5659.34164775581,-384.545731876144,5,4341
-204.566101438329,-2652.01238345337,5,4342
-8872.51655753346,713.643306366127,5,4346
4490.60295567481,2951.96221861479,9,4347
-6599.89762880248,-2459.05756803562,9,4351
7415.23617158021,-3072.73935413493,6,4353
6447.47628075683,-3479.8860189787,4,4354
4738.21866702086,4952.00729583525,6,4356
1438.62173048957,-2537.29944612321,7,4357
5754.96641350568,-4216.33737109635,2,4358
3554.63882885324,-4962.98040035455,4,4359
-5973.20271534808,-4592.50901533069,3,4360
6706.08424107354,6888.45087508548,10,4363
-1427.76217947112,-1992.76101558241,4,4367
252.641124641761,7795.06305131427,9,4369
4799.27480107264,4048.25083340437,10,4372
-5819.01374238443,9000.46760117868,10,4374
-6493.14529674062,-4187.5168763166,5,4375
-10191.1604238283,74.2268044222747,3,4376
-5209.07961066704,-479.476401133936,1,4383
-11769.5212883882,-14.9341863586884,5,4385
3627.71933086946,7291.93673046906,10,4387
3956.08832138846,10830.8210837079,10,4388
-9074.69465069837,1270.87097409916,7,4389
-2708.56962222996,9682.6726842379,10,4390
-4314.85261692688,-1319.61794214553,1,4392
2077.13470390434,-1739.29729847806,7,4394
936.013356817755,253.570353101417,3,4396
-7442.88726128641,1774.38672878165,7,4400
-2337.75665255004,-2452.94235334301,1,4402
-10221.9290843267,-1921.91743280966,7,4403
2740.48050818013,-4267.58128473433,4,4405
6104.66463091226,726.993162676176,6,4411
6670.67878196174,-4979.03989306614,2,4412
4542.40702810267,4629.49186867515,10,4413
-5603.07014401567,-938.26561635489,3,4415
-4991.88495153743,-304.847802969279,5,4416
-12584.4615916551,151.751586899517,3,4418
-6318.23663816979,64.3182299038962,5,4421
-3832.6875819108,-5255.09448200359,5,4422
-670.300326789056,1723.89403099353,9,4423
1585.33323083952,-2762.34688782824,4,4424
3714.59052757764,1309.53281422481,8,4426
3695.3388270228,5113.87860042145,8,4427
-9592.76174754042,-1080.4757952205,3,4428
-10746.4091736924,2130.35140599129,3,4430
2182.40881044995,1160.69809284931,6,4431
546.888289002552,-3833.22058394514,2,4435
3391.42361482353,-5194.75003088003,4,4436
1571.89900662439,-3945.37889129186,3,4438
-5569.04628785131,4407.27524150927,9,4439
-4433.71968292573,-1903.21658304308,1,4442
2984.46424231378,-3530.9730146694,9,4443
-4821.37804468292,1392.67343125338,9,4447
5645.7657196805,-3905.97582221246,2,4449
2856.65753130103,-2447.61510393006,3,4450
5718.81096486763,3022.89540839478,6,4454
-1843.33936297506,-2902.12831161107,1,4456
5640.10622157215,-4488.37298374302,2,4460
6323.03998156336,2022.35075203967,8,4461
2046.53568102146,-3116.32400155806,7,4466
-6327.486422472,-1289.71118371423,7,4468
-1589.95631384043,4951.01017123952,9,4470
-5403.30559266146,-361.490143139396,9,4471
-3971.32515403089,-1449.4630017031,4,4472
-5138.67903940182,12681.1694200035,9,4476
3247.09068054219,-3327.8187435036,4,4477
2060.40503385399,-2550.88139863531,1,4484
2393.29232187921,-3439.83035397238,2,4485
-12176.7216495112,-1356.18016353263,7,4486
5101.58714007764,8735.03176183608,10,4487
4910.84575804433,1455.57040268271,8,4488
-3489.47217232519,9412.46773724867,10,4489
6394.6607756346,-5022.52844773054,2,4490
-7671.35992060327,-1195.40437444772,5,4492
7907.33367814293,-3423.28412314527,6,4493
-12840.8676358989,3067.4794292365,7,4494
4965.37806469652,-3533.49441840321,2,4500
1923.9104423194,3122.86362877939,9,4505
-3567.32137166326,-3542.21773354461,4,4506
-8541.80794645309,6615.82998883703,3,4508
7171.0815554619,4831.80701892789,10,4509
4568.14892077002,-2349.8026483515,3,4510
-7740.53193309195,-2426.06821869222,3,4511
6942.52541811208,-539.544068254654,8,4513
6132.87868195026,224.457333536669,6,4514
4637.23869525117,-3696.851180717,2,4517
-3109.378713202,-5544.67495722904,4,4518
-5807.26933675526,-224.317417169222,5,4520
4759.81094310977,10185.8331073021,10,4522
2460.85533108925,-3951.35453880398,1,4524
342.288256020949,77.8349328228709,9,4527
-956.980070962054,-3671.98308713717,7,4529
7019.31530511278,2185.20951654129,8,4530
-8046.26796448547,-810.866383398049,1,4534
1014.41491428531,3973.04925548046,9,4539
8270.49837132699,321.436953564062,6,4540
-4201.94360160254,426.929781974086,1,4542
5475.17358564816,-3935.05331470573,2,4544
1874.11645838239,2569.81003810765,6,4545
-3539.93044427205,-935.941440073207,1,4546
4139.59961976306,-4776.95232797955,2,4547
1640.48443650965,3972.06492527431,9,4549
1322.07744005419,10656.6281421991,10,4550
-10420.476397832,5321.81883058219,3,4551
6659.19500347057,10222.9300943564,10,4552
-4866.89601952273,-2332.33125660172,1,4553
4393.78747997455,-3787.31749194142,2,4554
6539.57331434429,-2065.01219962893,6,4555
-16568.2518432302,6264.29004922592,3,4557
-6982.07168907737,753.196717272324,5,4558
-4179.73016950813,-1887.117909985,1,4559
5225.2155756019,-4481.72506035453,5,4560
-576.791071642478,-5173.96773835995,2,4562
8101.31963427421,-1030.27167978452,8,4563
-7170.55668368158,633.247886327697,1,4564
2847.46556597287,-3427.68061764628,2,4566
5411.0940630089,9352.1442720273,10,4568
3798.62048264523,10437.6168047748,10,4571
-2366.16430266933,-88.2064044638813,1,4574
2454.51368978701,-3773.20676958498,2,4577
4283.85363047996,1481.42454235143,8,4578
3322.35403324863,-3812.38679434169,2,4579
3326.15830978188,-3653.12124975728,2,4583
-549.447072685868,-2237.32822301278,5,4585
6612.85473336353,-4790.91260373772,2,4587
4889.00964734503,384.862840637484,6,4590
6877.82656775284,1595.358853847,6,4593
2322.71198314836,6038.242718911,9,4594
7162.48057532554,349.729158684933,8,4595
6490.8461255991,-3433.85750475506,4,4600
-12699.6776239489,8303.40043586857,9,4602
4664.64433428937,8510.14533223031,10,4605
-4887.20776406936,10024.7844176144,10,4606
-9493.16156557595,-3331.29338974927,5,4607
-2018.12702633739,-4686.59555090523,7,4614
5848.40733759012,-4475.57018483234,2,4615
-7619.5754135798,-179.227798240486,5,4617
6459.93017409943,-980.999687492358,8,4620
5315.66631347532,-4364.1386358947,2,4621
288.804110312925,-5405.93243138182,4,4622
-6750.28940753074,3566.82747991645,3,4624
7809.91617355679,-592.792686977501,8,4625
4900.20293748994,-2131.60082724676,1,4626
10052.4881323592,1507.59690478567,6,4627
-5532.10213693021,-3370.23203097729,3,4629
-8493.69317575569,-2459.93181899444,5,4634
-8853.66399787985,-3354.83974018947,3,4635
-4617.66162425394,-1002.2983255543,9,4637
-8980.64336407586,-48.0834972947367,7,4638
1970.05384424002,-3830.55759087188,4,4639
-5838.23452963891,-4318.43926020041,5,4642
1110.09521641366,-1676.55136473622,1,4644
1852.91057206634,-3304.20880418945,1,4646
-3648.43374938885,-2455.39931270261,1,4648
5197.80566627418,290.568726777714,6,4649
-7567.78511260599,1762.60904185844,3,4650
1269.79633138524,4059.79829152596,9,4651
3858.04244031333,-3451.89130733937,1,4652
4840.35385327603,-4492.43771825238,2,4653
8929.51070125391,1624.92292128594,6,4654
4745.21878411025,-4733.35226346287,2,4656
6521.38886711556,-1113.58891559308,6,4660
248.677352925987,-7370.870241208,4,4661
-245.656383402298,8586.69992869459,10,4662
-10635.3612967121,1387.29868213394,5,4667
-2229.85316642143,6908.94625643507,9,4669
-1898.14676804238,-3830.14455435885,7,4670
5318.43294532553,3770.37493870794,8,4672
-8676.60706978865,-3771.7750929142,5,4673
-9209.00835020954,-1059.58067949337,5,4674
-9185.09904643333,-1571.76161992561,9,4676
7278.19009786255,7015.1690530063,8,4677
7563.8503224652,2828.66703410626,10,4678
-3490.55132775149,377.939356143378,9,4679
-12061.4397161827,-2692.81736277113,5,4680
3509.81968057251,-3449.69859033179,1,4681
-11260.5054165146,1091.37972012565,3,4682
5174.01937901534,9178.57763343714,10,4683
525.026933915241,-3740.64272854587,2,4684
1511.46237619662,13058.9710074653,10,4685
1848.23364870887,-5512.27641116072,4,4686
2579.75712172007,-4237.24980051436,2,4687
5866.36624137473,11030.1197161996,10,4689
-9631.52834447436,-290.208948747482,1,4690
-6052.20985068517,-4266.77951243742,5,4693
-10543.8386812744,-351.759837808364,3,4694
4523.50876821826,2083.23111491145,6,4696
-7384.47392894279,-3783.08590905368,4,4697
3179.60720080077,-5628.10195521889,4,4698
6389.5771242795,-3689.33420842922,2,4699
7051.23236196847,685.246629299026,8,4700
-10086.4126439004,-3016.4188950268,5,4701
4175.60148646395,-2543.11940131948,8,4702
-8732.25122860766,-842.152238216019,1,4705
-1867.14128568025,4556.07655623848,9,4708
-3168.24228093033,8097.28766085408,9,4709
3120.26933515614,5404.84428317093,9,4711
873.370134564848,-4506.52403637291,9,4712
6040.48694988287,94.9929265878476,6,4713
-7696.0123577084,-2304.25096476304,5,4714
-6637.6950569765,-1577.11621923023,1,4715
4620.81563693897,8062.93865534511,10,4716
8016.64251291611,-1836.89677432174,6,4717
4549.73144590224,1516.19805800686,6,4719
-2424.95665105435,-1342.50269793484,3,4722
4574.43127971407,-3659.62603468795,2,4724
3640.01175451742,-3936.32991496813,2,4725
4301.04733284905,-4381.24812101971,2,4727
-3923.95250900292,-944.579978723663,1,4730
2427.91637571234,5317.56040849596,9,4731
-7332.70387978414,-653.725778303153,7,4732
-773.410152269244,-4410.9436380376,2,4733
3474.68929783936,-2748.69247465918,4,4734
-6856.8398939127,-3967.76796694187,5,4737
-5937.67907110667,-2162.25443295563,1,4739
-113.698016094926,6417.91442165165,9,4741
-7370.71740437583,3910.02318364781,9,4742
5087.5604256564,-4097.07209944036,2,4744
8045.31028654418,-4698.45097398474,4,4745
7574.63650331523,-4251.22758971793,2,4751
7545.67108674925,-1241.82192597781,8,4752
-12771.3681532372,-1855.11488491737,5,4753
2774.53709208323,-5206.25482609462,4,4755
5120.71414474324,-2624.33893871849,2,4756
1886.82435326502,-4363.18999844388,3,4757
-9491.20722472153,5354.89295696938,7,4759
5722.58101467336,239.366195216219,6,4761
6900.45771928795,-4238.53765328552,4,4762
1564.07816166716,-5349.64552006419,9,4765
-296.14233635682,-4270.07889452858,1,4767
-11346.3297660486,8012.70359923937,3,4774
-6249.154784014,-1665.72453051789,1,4775
6445.58615108399,-3978.13013220114,6,4776
5136.42876988778,-4414.55054499238,2,4777
3029.64513626444,-327.559067339176,6,4780
5554.4305739467,-1049.29732692695,8,4781
4106.75680633729,1317.14683842936,6,4783
-3927.92433630474,8223.66273687901,6,4785
-709.254878942123,-714.40269534607,1,4786
5201.48271183252,6120.33714068729,10,4787
-9925.60625901772,-3813.26972457893,5,4788
-7107.90139147084,-2089.27818265346,7,4790
-871.765474020655,-1890.19191479879,1,4792
-5071.88956137995,1958.97550327201,5,4795
-5315.51769323692,-1457.59895435075,5,4796
34.4064513307729,-1566.96126054855,1,4797
-6004.00497853481,12843.8677398115,10,4801
6424.63763385839,-4951.04291086159,4,4802
3549.50875886851,-2370.27594826041,1,4804
-2243.32952821433,9708.82046359084,10,4808
-6298.13837233005,-526.310316969043,9,4809
-6096.76074447245,-1036.66331954227,1,4810
-3019.75956655996,-1459.88411517834,3,4812
4094.26518252094,2866.13717262657,10,4814
-11749.9500360196,4394.23895117077,3,4819
2827.19922422576,-3670.81817115185,2,4820
-2798.85819829426,7863.46994935825,10,4821
4328.83975673993,-4060.40347608977,2,4822
4887.50160473538,2821.78496260544,10,4823
3536.04115493742,-3367.12793307749,2,4824
5765.40226915617,-3858.61343897664,2,4827
-10480.8153316757,-2929.3094835671,5,4828
8327.37898565222,740.449916100769,8,4837
3146.34381900406,-4050.54910559277,2,4838
4400.0970221415,11563.532677438,10,4840
3682.16289887927,-4227.58002608838,4,4842
7441.88970856767,1175.59762246938,8,4843
-8756.20900244336,-1737.05146784115,5,4844
-694.220343050492,-1542.35337161554,7,4845
2990.34379132318,-3035.326892979,1,4846
-224.6821667721,-872.130696234586,5,4847
-2887.0713351548,-2100.85202071235,4,4849
-3822.03803853525,6934.96816801145,10,4850
1969.49765995948,7193.57663220165,10,4852
593.802631462732,-568.797354033412,9,4856
1386.3042898149,3948.46806196623,9,4858
-5401.77678845856,-50.8201701148935,7,4860
5529.05298424385,-3776.28912902169,2,4861
6481.88512119345,-3795.91447094897,2,4862
-4534.33444675857,-1199.24169432774,5,4863
5512.93875262778,-1995.57901571434,8,4864
-1067.88817543273,-2812.98185718532,5,4865
-3585.30608224141,-1496.96822106622,4,4866
1048.10038221382,4548.303539579,6,4869
6117.36316906379,-2384.03174040748,4,4870
-4176.01325922494,-3805.05580048669,3,4871
4192.689494653,85.0940844527446,10,4872
6118.40949344756,6307.88174085445,10,4873
-11316.827785104,771.076226436231,5,4876
-3574.7237326058,-2464.39203818521,5,4877
-4248.91220333647,6462.45107844832,9,4879
-7553.71590040224,-5088.57472722761,3,4880
-4569.87329589301,7826.23164704084,9,4881
-2349.62071345693,400.198462339071,9,4883
-11310.7337557866,-1103.26854037445,7,4885
4540.58459061536,-3627.06850345379,3,4887
-13906.3310645973,1554.80738085374,7,4888
2365.0627721582,-3626.37720047637,4,4890
-8187.56838370842,1191.34629565667,9,4892
-10749.0944197573,-983.618644278838,3,4896
-7592.0123115926,13327.9643906593,10,4897
7061.27758065215,2027.73898851121,8,4899
-5827.94058844158,854.440090179102,3,4900
-12177.9162699967,1270.3106573125,5,4901
-2203.92935602317,-1139.11894983787,2,4902
-5709.75394411662,-241.994301585193,3,4903
9320.10372432973,-104.116894181405,6,4907
-2207.76520649464,-1294.7697682907,1,4908
4580.83596919783,350.233763697066,6,4909
-4044.56257754884,-1439.75188697884,9,4910
1015.49410442131,-4368.53953608218,5,4913
-7629.5309735354,-3692.02898795623,5,4915
6901.2506368372,-3948.12745715899,2,4917
-4620.69584775112,14142.9157740858,10,4918
-23.7942318750207,-3576.40997738837,7,4920
3289.8368055718,4010.40353557067,10,4921
8012.71300642974,-4615.57294386797,2,4923
5960.46869290643,8787.17740647722,10,4924
-3182.5667982925,-3138.21262766839,1,4925
5890.79814344672,300.276064125324,8,4929
-4021.26033302512,-2446.30024792835,1,4932
3596.3825400628,3022.99946343697,6,4933
4971.51615194303,-596.893489876024,8,4938
4625.34270482263,-4221.42435285593,3,4939
-885.892249654332,-2416.60058397562,7,4940
-2448.07762657486,-549.04872984644,1,4942
5837.23077112707,10239.0203769915,10,4944
2473.34599804266,-2713.48401402431,2,4945
3076.72317741192,-4397.54293663644,2,4947
909.583599416286,-3803.21948003805,4,4948
-2223.8569996573,3642.01383383901,10,4951
-4704.86825890251,907.128478418884,3,4952
-3263.38276431939,-4676.36093799212,4,4953
7504.17300524679,-2545.2834197176,6,4955
4594.93001187481,2754.26176396948,6,4957
-7585.63834461902,822.794432997505,1,4958
214.07727901348,-3706.67206594294,3,4960
367.090365067747,-3434.2945777898,4,4961
-6426.51567243478,-724.692348958122,7,4963
-4554.0846263345,452.814203915762,1,4965
-8919.21440924073,-2582.94902825746,7,4970
1023.77842903481,-65.1682307234038,7,4971
4612.83329012461,-4047.81897650385,3,4972
-4330.90606573404,-2393.56982255516,4,4973
-898.647602889685,-2225.22542442431,7,4977
7106.59340082285,1282.4912099996,8,4986
-4787.70584217203,2607.38081644678,3,4987
3198.90620306353,-185.677641136067,3,4989
-875.035927731328,-1937.55481217026,7,4990
-7367.80420521146,-3916.44484596323,5,4992
-5349.51951285936,-1145.60618915512,5,4996
4318.17483883285,-3499.86788416664,7,4999
-10279.237632273,1672.57362493,3,5002
4543.10341365027,-3940.07986603741,2,5004
5053.85335222828,7868.23926825299,10,5005
6659.22798226986,-3154.13967531558,6,5007
4130.87204594743,11341.5773219795,10,5009
3311.74215779529,-4934.33862040048,4,5013
1654.26815679585,-1108.2275456147,1,5014
440.450403888996,-3012.30981411416,1,5015
-8135.17292394398,-2186.48809015927,7,5017
-2662.92268418365,9741.43706671569,6,5020
7785.94135983896,-2650.73501609859,6,5026
5036.2341644018,-3620.63731147542,4,5029
525.58675569148,-4354.90402718035,5,5031
3036.84962166056,8716.06312636066,10,5032
6166.48504411433,-412.609927654105,8,5034
-5911.64495708376,-785.518039965611,1,5035
-6525.11195819369,-4699.96234247992,5,5036
7573.57197033462,1065.25333785649,6,5037
5741.5644380554,8705.76575950533,10,5038
-2674.66349113362,1524.48958382666,9,5039
-8866.74138826691,1147.1467531581,3,5040
5182.66206974424,-4772.28484094681,6,5041
2242.17948743292,4038.75970932613,9,5042
-2821.31977367084,-2989.93081249518,1,5043
5665.43001113589,7263.52839465769,10,5044
2567.78527910822,-3956.36311247345,1,5046
4112.76658858001,1380.9867014359,9,5047
-9951.31232360278,578.879170471016,5,5049
-5667.7716032064,-3866.79864514381,4,5052
5908.94410855771,2371.18498895014,8,5053
5594.9112163425,4287.23833719829,6,5054
5777.72794435298,-3417.99007484721,6,5057
5471.477387165,4036.96655316472,10,5058
3782.69775526945,-4582.09450277244,2,5061
2945.56299256638,12007.3154725254,10,5062
5513.31368683602,537.849551465537,8,5063
6905.39641334308,-521.007259197051,8,5065
-5171.25671126372,-4744.55184092746,3,5066
5536.26960965464,7163.63495575987,10,5070
-5008.93557896997,-127.988301321411,3,5072
1310.47074810306,7935.6157496494,9,5074
-397.734890773245,209.725514767238,3,5077
9117.91873802042,-971.27430327755,6,5079
-6975.37380976193,18.9653636103036,3,5080
7311.10107832257,104.023804549559,6,5082
2009.99020632064,-3736.91975037186,5,5084
-5583.38998417453,-2025.9904617217,1,5086
-6601.78991137475,-899.96075856586,7,5087
-7229.45820316669,1900.86382269366,3,5088
-6672.23098626447,1884.82597928654,5,5092
6669.2093696967,2083.01619763348,8,5093
2081.12261051837,-2660.86123948752,2,5096
1056.88008913818,-2610.63232817234,5,5097
-9079.28825071642,105.386796497116,5,5098
1821.49436978229,8373.51643984449,6,5101
6548.71877273634,6550.58066162646,8,5103
5803.94986265598,-4549.83753967662,2,5105
-2992.8784101092,-3105.81403144036,1,5106
-3406.00657573471,10322.8635297511,10,5109
1749.87427027673,-2722.71243911821,7,5110
-2963.10754669687,-3681.65803098912,5,5114
-7540.28547458094,-1759.46584283882,9,5115
4656.59275638214,4079.19085979288,6,5118
-2597.02560781823,-3751.61908653127,9,5119
-12178.4265490153,4338.00389555471,7,5121
-7853.870940584,-2900.86552103238,3,5124
4009.26530969736,2963.74429119143,6,5125
3717.48092771371,-2831.91835536075,7,5129
-6807.59392893139,-1600.36237091598,1,5130
4025.90163328407,-5187.50486036216,2,5132
4176.32529005552,4849.87771501534,8,5135
-5440.03502139749,-3023.48693487529,7,5136
4689.32249064119,4001.78761911544,8,5137
1558.50692296286,10398.4859743448,10,5139
-8791.05851072967,-1899.79203829076,5,5140
1557.52113233355,-2530.30436152619,4,5141
6746.76667541117,403.770243978247,8,5142
-50.7906131069442,-2604.47137343253,4,5144
3348.57909343834,11246.9663643602,10,5145
-188.424576627357,-1636.75558093962,1,5146
-3019.60915284417,-1459.33090926852,7,5148
-2192.16987312296,-3636.47101481775,1,5150
-7406.91565801508,-357.233330161737,5,5151
-12201.335282524,1777.92870393746,3,5153
5277.1851103133,5954.87426096977,8,5154
5137.09932972073,-4034.67500662954,2,5155
-11343.2676088239,242.386719648063,5,5160
-7886.40903686554,-987.141152852305,5,5163
-1247.32819173043,6005.3628652636,9,5164
-6196.98269867968,-4999.30340866892,5,5168
-10478.6457656376,5514.89646708013,3,5169
-8953.64502921423,-2463.54078128141,5,5170
-4760.42192632979,1007.22776207375,9,5171
2130.8181428532,-2306.92993714243,7,5173
5923.91031439145,-489.009533693738,6,5174
2105.33096494897,-6311.25873257637,4,5177
-2728.11970288784,-3100.93955722585,4,5178
-11561.2814876058,7894.01303713955,7,5180
-1056.19872558456,-3140.49236222865,1,5181
-154.32895316647,-4822.20984871578,7,5185
-6805.11365398833,-4438.5484765487,5,5186
3589.9595434164,-4163.08197147062,4,5187
-8005.24604915484,-1470.45894110446,7,5188
9338.33427106825,1237.8640219045,6,5189
4092.67831768799,14030.8186198842,10,5191
2769.29286597324,-4343.15574426435,7,5194
-7314.51210543635,317.171554919139,7,5198
8037.59481925854,-3330.00818757226,6,5199
6077.38076199069,438.087718662641,8,5201
5352.45992704687,-3886.31230194861,2,5203
-3651.42362623723,-2167.30683025078,1,5204
3685.58558776332,693.249595422455,6,5205
3241.48997776727,-1960.74014662316,4,5210
735.387525784916,10604.9739333016,10,5211
888.30684499666,-2077.6680168307,1,5213
915.937890005699,-4122.82495218019,5,5214
2748.84500021851,7577.27478915646,6,5216
-1878.42300859875,-3992.8022588888,5,5218
2537.95010163795,4371.45779128247,6,5219
1806.23003475533,7271.6665055467,9,5220
-8148.14819649823,-952.036863689132,3,5221
1797.43176055247,-3669.72929035845,3,5223
-4343.01306519954,290.148715400344,3,5226
1423.80547533448,-3344.54438282059,7,5227
4376.50949761714,7081.07271164841,8,5228
4483.58758296182,-4654.10343901998,2,5230
-3970.51732234632,-1457.30826572841,4,5233
-11695.686416246,-2005.5801960453,5,5235
-6458.26654823908,-3079.07702070032,5,5236
-8060.87219871384,3025.46121396017,5,5237
7306.39500077802,-459.222638111049,8,5239
3750.94220374771,-4395.75547541344,2,5241
6171.00916082406,-3110.01011497875,6,5243
-2269.48867752277,-1261.95298891716,9,5247
-2319.42587913556,-2257.33974411032,1,5248
-4936.93831499495,-2960.49900517183,7,5249
-3951.24556048599,-3331.90368988218,7,5251
3628.37040608835,9527.59782503329,8,5252
610.709450569518,5748.4931239608,9,5253
-6098.59867915881,-3827.5219805771,5,5258
-4335.63925187166,-844.0602871378,5,5261
-8756.05684904117,1074.02467205363,5,5263
-836.434163529417,-4831.31299021865,4,5274
-2980.96606027422,-2219.642596697,1,5275
4299.00458788908,8471.65206117921,10,5276
-4668.40977006302,6667.14696690424,10,5277
-15123.9014937589,6989.2979369699,9,5279
5992.92958239033,827.063469289244,6,5280
-7014.43826243043,9347.43593662936,10,5281
6412.17907947791,-1603.54354984457,6,5283
-3179.05295388814,-794.826216504227,4,5284
145.741207531638,-1860.29976426034,3,5287
3882.78506425228,-3309.43470953168,2,5288
-3804.75901220455,-1863.88423502042,4,5292
4024.72992655816,4692.63019544149,6,5294
4912.37554112363,3688.0095666206,8,5295
-2367.96248914841,-3667.24923675433,4,5302
-1829.95064399221,-2595.50009379648,7,5303
6163.62181930724,-1473.53898658112,6,5305
4984.89687529284,-4913.26578483143,6,5306
4772.73519686561,-3535.67240277056,9,5309
-1739.42330993387,-3424.72499579905,1,5310
6229.93192302151,6636.66841709844,10,5311
5276.42818448209,-4381.39678164714,2,5316
3380.36246316276,4182.14188906939,9,5318
2077.69303833394,-296.171726382616,3,5319
2382.46690600329,-4084.48664700308,4,5320
3876.33107671,-3077.39141192938,2,5325
1447.84897024695,-2700.8594670002,4,5326
1456.66929357634,-1551.64237805783,3,5327
-8404.07905924396,6726.61009699628,1,5331
-1122.31733373692,-2159.83070908688,4,5332
3399.65068280359,-4093.12779840328,4,5333
-1513.41476522794,-2129.54250698408,5,5334
5028.07583391442,2283.12527449876,6,5336
-4110.60275728095,-1171.5975402463,1,5339
-60.0311291901608,-2719.81947821067,9,5340
-5333.14701958897,-1072.13960981931,9,5341
-4444.95477928044,633.298553764802,1,5342
-12167.7886634025,3674.20931456823,3,5346
1007.06077092662,-2954.77185114814,1,5347
3072.15778174354,-2041.6843527214,2,5348
2503.03214250984,-5611.50143147458,4,5351
7090.75094966523,-3979.74183675747,2,5353
-5901.37847845803,3648.69184986817,9,5355
2751.02103983533,-2543.97721956191,2,5357
-3295.9096197856,-3153.74212084805,4,5358
5375.1080832536,-4043.66786586512,2,5360
7114.21697218,-1741.78611771932,8,5361
7711.57364052062,-1611.31584618427,8,5362
2060.78653045839,-3573.1614182143,4,5365
-719.229891182168,-1465.076748378,3,5367
-3433.88666812303,5137.07129817937,5,5368
-3652.90801310678,-1233.73137939677,2,5370
8122.85381489774,-1368.29080856178,8,5371
6706.60865305082,-2535.944307724,6,5372
5059.52252534615,4559.93538949687,10,5374
4960.47011074686,4873.70663562535,6,5376
4471.17922054451,-717.467127754535,6,5380
-3187.06264674679,6446.91813166173,9,5381
5904.00760263675,-1726.84393533189,8,5383
505.463133449447,-2034.93716176998,1,5385
-10711.7704558168,-417.439064958971,5,5386
-8589.59165784166,-186.828573259048,7,5387
-10223.5983616459,2334.39255063164,9,5390
-3001.12955093709,7894.53116762341,9,5394
5135.15116034046,3022.67489359413,10,5396
-8301.40707479018,-2571.60513620775,5,5398
7197.1462505665,731.663472716574,8,5401
5209.84387171929,305.956830748196,8,5404
4158.54374220752,5710.86927511332,8,5405
3555.26769614732,-4329.43555258174,4,5407
5880.16731722228,-4008.82333363256,2,5411
4870.85205579254,627.235058583563,8,5412
-6374.49000189281,-2322.34991229949,3,5414
983.564203701467,-2311.91676273876,9,5415
4006.92950285239,-4633.63764324989,5,5417
-7839.03274214645,-567.29092714013,3,5419
-7872.83455858448,-1100.65566550653,7,5422
-974.328562089045,-5196.28686662551,4,5423
2437.5347923766,4544.38216004582,9,5424
-4467.56641669465,-5446.8371870179,5,5425
-10922.0489487427,3172.21541964384,5,5427
-14675.519278453,1265.08284375966,3,5430
-3549.13540134324,2930.54184869798,9,5431
-7324.22465247057,2410.49771369626,9,5432
5326.29659543848,8603.58195863128,10,5433
4449.42579281,4600.01543838236,10,5436
7261.53821746261,-347.281424480512,6,5438
-3299.78127530285,-3547.98908232532,4,5440
7226.64428901612,-1346.10753509045,8,5441
5104.06875926231,-838.722847130334,6,5445
-8496.2469074794,-1841.55569025033,7,5450
4551.76224182608,-3936.41175342947,4,5452
3284.63813348284,7429.09431292648,6,5455
3044.77962781193,-3868.49503375155,2,5458
616.584364211057,6427.82722384209,9,5459
7428.73381376223,552.75992598555,8,5461
5801.6132792886,7189.28694354767,10,5463
6105.48306977916,-3368.06496991789,8,5465
1839.54520906788,-3859.06109594894,2,5468
986.226438068917,-4793.11621155905,4,5469
8142.14924710417,-2477.30068224407,6,5471
898.338078432106,8201.79110644716,6,5472
5995.59814273697,-4323.96132130663,3,5475
5779.44308848834,5115.55443702955,10,5480
3997.05182215678,-2543.08850458925,1,5481
6342.54495095256,-2498.93147108159,8,5483
-6413.38684419925,2074.02982299409,7,5485
8179.91327126394,-340.305324574205,8,5486
2015.32536770693,-544.386365917329,3,5491
7287.55474164778,-2082.77316376585,8,5494
780.298555136697,-2620.14381257935,4,5495
6329.04384786878,-1444.3120785888,6,5496
-8726.37430581976,5644.3008262513,3,5499
-9174.79745184081,-2135.02580709163,5,5500
4752.33896106885,-3765.83990866049,2,5502
-9941.60013035398,2322.05329442737,3,5503
1279.52068618441,-134.553067958567,4,5505
5602.50851703586,-4414.62625712912,2,5506
5274.64234872945,2396.0988232784,8,5511
-7648.37085272917,-3190.0556452414,5,5512
-8913.66646975118,-45.7945856714991,7,5514
4539.58590287107,-462.904201889398,2,5515
-7100.93734006332,2007.77586328881,3,5516
1574.84770325984,-3978.67385169095,2,5517
8678.89058379874,-217.614495019835,8,5518
4807.90923509102,3525.34798795704,8,5519
5224.80928016117,-140.846014133881,4,5520
7138.10145200418,5515.58362481068,10,5521
694.746746583338,-4499.17749818554,4,5522
4236.25600492811,-4934.07851342673,4,5525
2696.87789720275,3370.3138753654,6,5526
8213.13994195356,-1603.00221812076,8,5530
2983.13065318084,-3580.73671666816,2,5534
-795.266245349646,2435.14604563339,5,5535
1718.29474366651,-4527.62333456311,7,5536
-1854.83892711148,-265.058795801524,7,5539
-2455.05605109307,-1730.61626666047,1,5540
7264.97712201316,-1874.73652312049,8,5541
-9450.6898293314,3673.50542150299,9,5542
7848.20126411905,-3117.67697181373,8,5547
-1871.78233320879,9181.051217202,9,5548
217.482633528983,-5705.77312813538,4,5551
-861.675460733062,-3990.19780121894,9,5552
-4552.29404055482,-693.724631935756,4,5553
2002.48248716098,-4145.93809073435,7,5559
-5587.71000131414,310.398119158914,3,5560
-2496.44755145713,-1646.48625502763,1,5561
-9378.75411534028,739.427034700777,3,5562
8520.33886564105,4992.25965355063,6,5563
-6635.43261000933,-1550.29380147104,7,5566
4949.57043426352,1699.03656095428,6,5567
-5913.90815526711,-2215.58924487151,7,5570
5518.68374280717,9891.452794747,10,5571
-10601.4552450726,3628.52393018382,3,5573
9961.54708342676,303.056683130813,6,5577
2153.33655338153,-2799.50588475578,7,5578
7585.67326928654,-2451.37929098488,8,5580
5633.4950866851,-1030.96251260965,8,5581
-49.6956899739772,-3960.56953611072,4,5582
-6013.86508000175,-3261.57805048713,5,5583
-3250.66015435917,4281.52919810332,9,5584
2735.05335224653,-3987.1282523294,4,5585
3404.23272574348,-4473.32157006538,9,5587
2215.22435432221,-3224.2076324862,7,5592
5478.46465794282,3715.39581652876,8,5594
-600.350011273631,6846.40642356443,6,5596
-5529.11803332496,771.827775327669,1,5597
5506.82740168414,6577.14170028627,10,5599
-1550.78238945936,-3859.27039008056,1,5600
-11054.0120834507,-1270.02021311083,5,5601
-4778.0533311176,-1399.17846509986,5,5604
-3801.44758659615,-3041.61906077196,1,5606
4422.33686425194,3741.96665770496,10,5607
-479.883471037153,-1922.01457470153,1,5610
3625.34746381168,-4992.14074778609,2,5616
3946.23414614802,20.929315183168,8,5618
7331.52445703714,-3340.19989606734,6,5621
2064.29737607845,-4308.08393939934,7,5627
-3009.18436051891,-2213.36541710634,7,5629
-3280.56390176698,-3925.96062611793,4,5630
3177.98653598073,3241.46183625515,6,5632
-8298.00160809239,18.5817072750069,5,5633
-536.923903310965,6691.90365448937,9,5634
-6214.90862845943,1548.23350635088,7,5636
6681.63357628257,-3995.02858936987,5,5639
7524.92845792653,-2052.65330432015,8,5640
-3592.96832051017,-3597.18302188817,7,5641
5542.44986366843,-3892.79058284008,2,5642
-3139.7991322278,-2707.01373701677,5,5644
-4132.94386702127,5526.92322905103,10,5647
-863.215459109188,-2567.30370996449,1,5648
3730.95262824705,7937.4745052838,10,5650
6991.07279978295,2755.15653859405,6,5651
-5331.23019350729,-1356.1059977044,5,5654
6783.01553515574,-4369.87321478323,2,5656
6110.80922429086,-3441.44876672175,1,5662
1901.41045526023,-2744.34034113104,1,5663
5435.67945163334,11196.6135779777,10,5666
-3916.36367674795,-3728.40830309614,5,5667
7522.48633661308,-2702.2327151134,6,5668
3977.38636063112,3215.49751600562,6,5669
-11836.510129356,-713.262755830897,5,5675
5333.3458594552,-5264.14952037107,2,5685
-3025.72706777115,-1233.98905036928,3,5687
-2275.50891268333,-928.388595164819,5,5694
5616.87630767828,-3786.46200234979,2,5695
-5358.56884353605,-686.307753236011,5,5698
8478.95986147476,-913.089564961252,8,5699
-4547.02742908364,111.785025462436,4,5700
154.388748550142,-1615.65213434379,1,5701
-4931.72853693673,-3970.64291764224,4,5703
3648.05058723608,13751.0561514951,10,5705
4440.76777082909,9966.86730308232,10,5707
4034.81197221711,-3467.59556351664,5,5709
-7134.59328126349,-98.7062462352982,7,5713
2364.76390394711,-5858.39091016146,4,5715
4151.622806418,-4288.58751070872,2,5719
-8243.42210924923,-2715.81524002131,5,5720
7643.34178098017,-4730.21744005776,2,5721
5415.9958512002,-1313.78304619717,6,5722
7860.91344541265,-3017.29685603521,6,5723
-2763.60836311934,8027.8163415044,9,5724
6106.83450204715,9437.25882946482,10,5725
-1627.91499313962,-4462.94594499421,4,5726
4519.9281186941,-3038.17686204024,7,5727
6649.33287330032,6627.72990602113,10,5729
732.623494252445,3763.07333684894,9,5732
-9799.4070515598,-547.941315758262,5,5734
-6075.2500282231,-65.276588280481,3,5735
-10480.797083368,4501.97985470152,3,5737
6988.15559394814,-831.479670708917,8,5738
1176.80469644353,-1754.84501844054,3,5740
-12885.1750751721,-1344.71702907288,9,5742
4906.0530209503,7999.73140745362,8,5743
3224.01455434715,-177.351848210402,7,5744
7826.48301470343,-2653.19454784174,8,5749
-5050.15514120468,-2704.69469256287,1,5750
-1195.98582280668,-2393.762186018,1,5751
-12123.2727535712,-597.669918298005,5,5752
-6435.34598325476,-1449.87656458525,1,5753
1719.43394724487,2656.69838954011,9,5755
-389.997584566692,3609.47828111246,9,5756
6787.68955303252,-619.1666847652,8,5758
4700.85438113185,3613.73884664322,8,5759
8030.22059996748,4533.08279379379,6,5762
3913.97488791769,-2047.53940006741,7,5763
1473.37288941916,-2121.97786819853,4,5764
-10963.1611237719,6610.81844596647,3,5767
-3364.56120579789,5569.3628298046,9,5768
4100.75735250454,-3448.86569113104,3,5770
10254.4233178377,-296.301135359098,8,5773
1025.25454532086,-4651.38967517788,4,5774
5912.34784224375,5737.25256380277,8,5776
3395.87824773236,5591.60632056059,10,5781
5524.27818015617,8584.3725349524,10,5783
-5263.17919205026,1501.15580835524,3,5785
4452.6351293029,-1548.67718908331,7,5787
-6906.8407158955,425.174439860722,1,5788
-7801.48434507663,1538.91060623556,7,5790
-8000.3653430195,1585.05340197021,3,5791
3162.34635685014,-3597.69100259375,2,5792
674.489990466976,-4475.63630921081,7,5793
6282.19482671216,2521.21751700674,10,5794
-10191.4848725614,889.787606942635,5,5795
3028.35012840032,-6102.27669453395,5,5796
4725.20938351967,-4961.7681852658,2,5798
3341.70523292385,-2903.20755105954,2,5799
2619.0957163517,-3729.8244761138,5,5801
6397.76398459537,-915.791185509143,8,5802
2884.14587918793,8959.55784908454,10,5803
-2123.6058500107,-1343.17522623113,7,5804
3896.90108734871,-4790.33218285952,2,5805
4958.27492211582,7325.43962057897,10,5807
-6439.34712679408,-4172.09209180599,3,5808
-7419.97004862207,2473.67195616186,5,5815
-7715.17594692944,-1835.23139920606,5,5817
5918.86574099148,-908.145629394172,6,5819
-4394.35899516383,-1697.92217953082,5,5823
-4875.09005970259,750.315664305182,3,5824
5839.83741253497,-1139.02417626592,6,5825
-7671.37060784969,2145.30351043201,1,5827
-283.452436427039,7117.33380834831,10,5828
5281.27165494953,4534.97112867183,6,5829
2578.28973398351,6000.4267399926,9,5832
4420.35293018244,-4355.51728096179,2,5833
5623.61395387314,1192.15362757718,8,5834
-2428.94539020414,-1822.68166501784,3,5837
-7831.12921297134,-3403.54877148925,4,5839
-9684.02166093939,8689.13914870973,1,5841
-3268.2408165824,-3562.71184664953,7,5844
6646.5894659666,6075.9336898196,10,5845
7475.53282530427,6052.89802219329,10,5846
871.393696711547,-3161.66962172547,7,5847
4694.71847172813,-4094.69672604379,2,5848
7604.88700467831,975.56609418647,8,5849
-1032.3969890211,-2345.53212541502,2,5850
-9304.86413260981,-3745.273284558,5,5853
3536.29332210743,-3368.83142507181,4,5854
-14477.6906021295,8520.73066721197,9,5856
3437.28025785676,2002.01700317498,8,5857
7326.79250295807,-2115.90969254172,6,5858
5873.74316938043,-2161.28420240753,8,5859
-3012.65116922872,-3109.75891359493,7,5860
-4662.40720941081,-1925.21771574592,5,5861
-6162.58556802225,-4579.31266625418,5,5863
-7895.79160970784,2559.46987327768,9,5866
5980.90216572632,-3936.49343729097,2,5867
1150.57823156099,-3044.92897675158,4,5868
6090.61682072889,-4564.2884749508,2,5869
4262.51987593021,-3637.60057083783,7,5870
-8511.72566635164,1137.27339675129,3,5877
-5777.52994841475,-840.20785705484,1,5883
5483.63614582129,-5133.43965000154,2,5886
-2348.75129060745,-812.890908697805,2,5887
6183.66354773677,-1961.02579342806,6,5889
5671.49671538845,-243.736146014394,6,5890
1890.01838814687,-3012.28319664622,7,5891
6762.09891759685,3738.15035335612,8,5892
-3937.42755439676,-2831.94422628962,7,5894
4039.80740840797,-4800.09164298739,2,5897
5932.69349593248,321.969647704274,9,5906
-2645.52102675817,-2596.64687857921,7,5909
5614.15488509523,-3855.72172758897,2,5910
-5960.32406285205,-746.792057608193,4,5913
-3658.50458467376,-506.38799569247,3,5914
3959.30992968862,2244.48072189364,8,5915
1302.71056155606,-1855.83946934133,4,5916
2382.87365844214,13644.3452853372,10,5917
7981.53196334612,409.673224714346,8,5919
-2074.64813652884,-1579.4455176536,1,5922
1827.58040133085,-3154.9895178244,7,5928
-8803.77831208358,1224.62558070062,1,5929
-7770.21433178983,-705.332604871837,1,5930
-3833.85088788164,9714.9548199792,10,5934
-6149.70554632955,-1337.78098086399,3,5936
-8834.87944331765,5851.90025653009,1,5937
-6420.6979838739,-3897.55134211692,4,5939
6504.71563337624,754.374440645699,8,5941
-3122.03168556748,-2767.59925253755,7,5943
-6867.21073266935,-2212.61395947073,1,5945
-7333.6782984205,2194.92342836596,3,5947
2809.28544979922,-4090.67831074169,3,5950
1032.74031491303,-2887.19610695647,7,5952
5492.21784087226,1780.25751138147,6,5953
-335.440381070274,-5688.97820483289,4,5955
1268.22147956779,14350.2905869565,10,5957
-3270.11153513434,-2204.16022232204,3,5959
4272.66306911033,-4769.80678366375,5,5960
-6799.05886647299,-2224.79811984862,5,5962
-4608.76334994462,-1979.56588291896,7,5970
7090.25313031461,-4281.98198952192,2,5971
5073.61057137073,-3920.10271392545,2,5973
6131.71343442552,1847.06377178405,8,5975
2491.78912302164,-2188.40063126678,2,5978
1246.94505364589,1633.91893029464,9,5980
3709.52571149696,-4694.81856820206,7,5981
-2697.48549744244,7842.65509004529,10,5982
3001.89878821627,-3470.43732578913,2,5984
5768.53877148977,-4046.20018370778,2,5987
3103.6978761045,-4370.41851693201,7,5990
4347.50296738565,3818.15335744545,6,5995
6018.30757832312,2858.33175748282,10,5996
6289.52947253799,-4055.19888503217,1,5997
5218.19993321529,9103.60285768249,10,6001
-2292.18691570481,-3245.77206462425,3,6003
4843.92662438747,10250.4435596105,10,6006
-8211.21196702849,-3722.10347296074,4,6008
-3961.55286053454,-631.885571984013,4,6011
1958.36721987497,-3639.41618074032,1,6013
5374.5207773527,-1613.80187934123,8,6014
6962.98488243838,-2050.5455116033,8,6015
-266.207100491996,-4326.35659544205,4,6016
-4374.60880679342,-3166.04757006562,5,6017
3494.74950075367,-2786.13035826952,7,6018
4996.55284504517,300.300908845172,8,6019
2723.21100278441,-2946.19766427694,2,6020
8175.09144141839,-723.842611657376,8,6022
3428.00695977563,10551.8474366306,10,6024
6631.38946280403,1576.23991658453,6,6026
5158.38584862887,-3454.50351123956,2,6027
2576.58213693811,-2986.96770562588,7,6028
-6194.57492909567,-994.816761070416,9,6029
5533.38725216118,-4124.21741851898,2,6030
4140.46108415749,3815.7423765953,10,6032
3687.12996817233,-34.9492856411655,9,6033
-4949.95437507334,-630.15579304986,3,6037
-630.460671852598,-4199.74086971925,1,6038
4425.26649502522,9883.7162008851,10,6041
3430.25478880226,-5201.13647112701,2,6043
-3659.6503485629,-6197.41425832729,4,6045
2693.89737819538,-3058.02310797178,2,6046
711.270495709523,5285.81819421894,9,6048
178.63979990145,4791.40846200802,9,6049
6878.2423093704,2440.30705066162,8,6050
-3826.4678506205,-4755.94977140305,7,6051
165.77157107488,400.954573889589,3,6052
-1189.51560890094,4523.98487198799,10,6054
-3716.83214736507,7348.79686443723,9,6058
-10316.2175537544,-964.278680663115,7,6059
3417.8467154342,-6209.05250443824,4,6062
4069.84506933962,-5148.45396687016,2,6064
-225.714629785446,-19.3956130115034,9,6065
-321.900278231194,-4697.6901373766,2,6066
7485.03342859927,317.773481284328,6,6067
7364.98230640842,-2039.74372998097,8,6073
2772.73948328305,-2342.86779433161,9,6078
6678.75166080318,199.434635457646,8,6081
4762.19172330995,4439.45880023774,10,6082
5595.76912309142,5962.43481990235,10,6085
-748.49629091913,-1439.61513484391,1,6086
-8789.38439406645,836.448594302982,7,6087
-3780.83473788136,-3953.85024090025,4,6089
3635.89388756189,-4136.14651460003,2,6090
7745.23679419578,-1595.72066267392,6,6091
970.625029871174,-4833.73928838123,4,6093
-6547.91994068632,-2871.22158216136,7,6096
6524.49142359721,-2506.41714248166,6,6097
6851.11189227519,-4602.64904503527,2,6099
6139.1673674243,-4655.75157269432,2,6100
-3063.92870574491,-4115.47462168029,3,6101
-1745.3196674823,-3585.80094235353,4,6102
5825.14588911242,2853.83903085533,8,6103
-1640.4162512563,116.536635092907,3,6104
-2112.7547789586,-990.699453030851,3,6108
6239.41861520487,-684.08896724832,6,6109
-216.529558818629,4128.84974499835,10,6110
-5841.49318589458,-846.166693805234,5,6112
-13335.5186439827,1349.91357926161,3,6115
2230.35632479592,-3167.43022558789,2,6116
-13466.8838931128,4144.78436718086,3,6118
5092.15862500394,-560.164928233611,8,6120
-2633.30521190153,1612.51916115379,5,6121
7137.3249737728,467.566159118718,9,6122
-238.956668358074,-3811.98598429497,7,6123
6904.4082712761,1640.20087484403,8,6124
-6849.62838812505,-1802.15060990499,7,6126
-1281.76229639858,3730.91033558041,9,6127
4494.69474440578,-3074.31488171274,2,6128
-2487.11127612992,-4594.05347147993,4,6129
-7780.48695768759,-282.555374030586,3,6130
7152.3603017361,-3635.90496941159,6,6138
-1764.23714173694,6089.16787402044,9,6139
1009.80474045645,-270.62512132112,7,6140
5349.81080270205,12770.3403503079,10,6144
-4839.41399101881,-464.540764134562,7,6148
4778.49407764499,12748.7643589354,10,6149
-2564.82500988518,-2449.94030504325,7,6154
5622.99531361469,-4024.76760120755,2,6155
4514.08807716251,-3139.68406859293,4,6156
4513.94862333728,2922.56647236889,6,6157
6699.26466582996,6846.5271097431,10,6158
-2685.81701326672,-926.434405304018,4,6159
-8844.80865607933,6519.00861851028,1,6160
-7466.60455136256,-1765.44152723227,9,6161
-2490.97040290363,-263.799514237337,3,6162
-27.3056174032761,6778.70620012729,6,6163
-421.829792453996,-1930.9281581735,1,6164
5959.26776819788,3375.79686072215,6,6165
6127.0672994733,-3767.86986505474,2,6167
3233.68379306987,303.891683431626,4,6168
-13392.4999485207,2510.37650678521,3,6170
6287.36122674666,7900.06267511621,10,6172
4566.95597010447,-4130.87932510038,1,6173
4238.84854729147,-3434.93081262006,4,6175
6939.78714011559,6602.70516427972,6,6178
-2922.82175946473,-414.992685455609,5,6180
2848.79829802092,-3843.55163143468,7,6188
-75.5311633262704,-4226.39611099892,4,6189
-6209.34264167612,918.031541396532,7,6191
6942.40358933672,3560.24328354457,6,6192
1509.6619164543,-2931.68041944695,3,6194
-3802.18670268981,1149.24523126311,3,6195
-1383.77948242242,-5181.726653975,4,6196
525.70806808313,202.401580927576,9,6197
490.808039460202,-1577.01462039732,2,6198
7104.6211873315,-3141.05354329538,8,6199
-1572.31316894638,14475.2547970724,10,6202
3771.88056450469,-3570.32018778555,5,6204
-14917.0794872512,5148.97284068233,9,6205
-3055.39155874307,-2690.36772062752,9,6207
3393.73601728283,-4790.33631455109,2,6208
-1654.5921455898,-1303.43643296921,3,6209
4117.8316462194,-3189.0082717542,4,6210
3856.42766733028,-4668.77811588454,2,6211
305.498291242046,-2703.56442954863,3,6213
7642.98603776842,-1087.1532195134,8,6214
379.718326963882,-2179.92213413198,1,6215
-2208.15038232088,-5632.4237641639,4,6216
4038.55002696492,-5024.61878086609,2,6220
4835.18193834326,5362.30195276748,8,6221
-11994.2903234734,578.401361341133,7,6222
-6494.32255995808,491.640288432518,3,6223
5303.1281860635,12024.7506355147,10,6225
6448.26982004726,-4937.92738558473,2,6227
4423.97430828137,2934.6350494713,6,6228
4353.24457780601,5339.99964368836,10,6229
3957.33615810987,3938.27348412359,10,6236
-2534.90816499949,-3155.20387028408,7,6237
2719.42682219775,3144.26817541784,9,6238
5258.68657089332,6743.37099143509,6,6240
699.588191277507,-1966.00424670854,4,6241
-392.96279729637,1522.82261856659,9,6242
-6149.1811525776,-620.803822426081,7,6244
-8033.24269828936,-2156.00745134327,5,6249
422.480077380664,-1920.91563442122,2,6250
6153.45085812663,-316.165836810177,9,6251
6915.24559925342,1665.57395619278,6,6252
-1438.05515792615,2278.22616352792,9,6254
6955.03060018161,-971.772142093102,8,6255
-4110.7596387542,-5467.61021215926,5,6256
-9652.94288347682,-4950.66246480382,5,6257
1421.04073941749,-2435.29910995456,7,6261
5834.45086883706,5257.36123137241,6,6262
-5233.19104733394,61.1233420057022,5,6263
5890.42558914494,2747.30333822793,6,6264
-10736.0415847246,945.207035577802,7,6266
7735.18742764658,-3203.43948159784,6,6268
6872.79735058281,2461.29992179499,8,6270
5703.38189320562,8029.75012486685,10,6274
817.52588597111,5405.90347991049,9,6275
3214.72470562184,-5210.91192986828,2,6282
-4526.96666125397,1914.30042899559,5,6283
-784.374751106277,-2945.51909494059,3,6284
-2900.56887884975,-1854.30300179383,5,6292
1217.27644116043,-2449.04194336397,2,6294
-8398.0977219651,1494.75972752817,5,6295
-11543.7352072867,1816.89298982459,5,6296
6964.95969546155,-1383.88255086455,6,6299
6512.45508877353,8577.06222718914,10,6302
4503.49303017132,4960.86661875212,10,6305
6176.36857636364,7233.6858223779,10,6306
4386.92089058752,-4277.28491217369,4,6313
3375.70505175929,11918.2259489609,10,6314
5540.86532619418,10236.5946659388,10,6315
3542.36224360615,-3494.11830395186,2,6317
5373.55976707237,-3297.64248655289,4,6322
4209.18047239661,-1747.18056409839,4,6324
7529.61869553667,-2694.05898218385,8,6327
-2811.5680637478,5290.00080098017,9,6328
8177.56956923489,2131.2247829767,8,6330
3191.17847698031,-3036.39844931132,9,6332
-71.7608345246184,-4412.32908597733,9,6333
1290.42808783232,-2484.42092958154,4,6334
-6932.95112117076,-1033.97482277921,1,6335
5719.75101513993,-3759.03943995876,2,6340
-10299.9906078523,-285.468598206343,7,6342
-1049.74814669352,-4650.84444677756,7,6344
5851.07692740709,2436.44502306018,6,6345
8091.91461695828,-539.714082362239,6,6349
-11035.6678774146,1419.031134,3,6350
1034.0955098588,-5280.77388388193,4,6352
-12090.2244528697,3543.15931842079,3,6353
4451.27744926517,-4376.95618313261,2,6356
331.932097980965,-3947.56677016929,4,6357
-6474.35252207002,-2270.30947240647,7,6359
365.672159100382,3497.8550007822,9,6360
5500.03264804005,8346.92869235933,6,6361
-5345.85636505902,-1753.89787080737,1,6363
6257.497148142,1296.03886183042,8,6365
5694.70362444228,1066.82968949206,8,6370
2558.74359964093,-4227.22813835349,4,6373
838.442189168762,-2799.90933178355,1,6374
-7285.44726369338,3462.67444387252,3,6376
-8826.13900858023,3888.89853631507,3,6377
5412.62820552533,-1549.03564382968,6,6379
3614.27870686132,-4041.53020036802,2,6380
5235.20187835002,-1844.20996574739,6,6383
2654.9459629637,2214.6288017239,6,6384
4693.9301976336,-517.163071083228,6,6386
-2628.10503607384,-2017.59497393304,4,6388
-2925.93125875473,-3335.74309607389,7,6390
220.733195514166,-3341.26162126316,3,6391
-4305.02044864628,-1994.04948812332,1,6396
4603.18739710817,-3902.4463917047,2,6402
-1715.63764931426,-4895.83270197635,9,6404
-7829.97680276702,-1173.29787345066,1,6405
1551.50012197026,2406.03732428557,9,6406
-660.679006022205,3946.54985732737,9,6407
6545.02946173364,6274.07331586779,6,6412
2110.75193997665,2440.03153695854,10,6413
5193.47981932476,1623.02155981331,8,6414
-2584.8646420387,347.920814139844,3,6415
6052.42238873682,9071.6769001887,10,6416
7220.82104348976,6883.57862229693,10,6417
-2720.42005292517,289.235227544111,5,6419
5097.11800147566,-3990.05656904953,2,6421
-1186.16236689775,-5089.67325910493,4,6422
-10987.4931235575,2629.73890948436,3,6424
-6255.51109796639,2623.60672681332,9,6427
5487.34853132367,2047.79084841063,8,6428
-3908.73325075615,-1512.0418076164,7,6429
8121.97210270274,619.262663211086,6,6433
-5847.57728985481,1979.48865354671,9,6434
-8761.40378606976,-912.370014580723,5,6435
-1999.32683926818,-1325.46306903553,4,6441
-690.865672991125,-3963.99594993731,2,6442
1216.38489873702,-4134.3475447711,4,6444
5341.38755040173,-4477.49180705544,4,6445
-8620.65111163021,4103.55468113447,9,6448
1358.48549767616,-2794.94720131108,7,6450
-4661.3715335969,1845.01396871854,7,6451
5668.41363861381,-4943.89777984976,2,6452
-6336.32730837514,-3038.69790183757,5,6455
5443.14305292347,-3283.98406788151,8,6459
2983.50611615312,-3014.25267045017,7,6464
-8624.294196085,-3191.57734421768,5,6466
4669.70340292695,9300.84313689573,10,6467
-5987.9860351559,2125.60503399139,3,6468
1025.20560466315,-1579.50570267542,4,6469
2162.46061170736,-3843.72700407137,7,6472
-4079.7239559011,11694.8611661899,10,6476
-4800.08824501171,1864.33103552365,3,6477
-13172.9736138001,6189.55556303784,9,6478
-6677.45917802327,-739.283643613209,9,6479
-7519.44314715837,825.860771660544,1,6482
5458.67354830071,-4445.57126390048,2,6483
4885.51678236759,10306.7564236406,10,6485
5347.88620281252,3922.57405780445,6,6487
-2443.47711884536,-3358.63325994081,4,6488
-5062.93231036791,-3898.70933275264,9,6490
3203.18930266792,-2527.37869369269,5,6493
361.992231830105,9084.58306420831,10,6495
1080.04573380328,-3951.56615467297,2,6497
403.775817054176,-3965.09136555265,1,6498
-923.327667846015,-2135.47707922257,1,6499
5414.15452976436,-4348.81160215229,2,6500
2023.69187859287,-3620.52622022638,4,6502
-8771.95975027324,579.866581347908,5,6504
-184.52000984766,-1029.91909556058,4,6513
5836.84077985179,4097.48375279693,10,6517
3505.77359513022,-4540.79638075827,6,6518
6446.59595253804,4441.33519729889,8,6519
3615.32833720393,3738.35479271909,9,6521
2023.38804597978,2369.0112767469,9,6522
2261.83879494155,-2953.05447666197,7,6525
6341.9933905476,-4355.73539094627,2,6526
-7968.10751202331,-600.821147713899,1,6527
-3915.15396036231,-218.013918085874,3,6530
-7272.11686626967,4192.49234110092,9,6531
-5342.93978029956,-967.263421397943,1,6532
5212.49786950065,3385.63858939595,6,6535
-1481.92489094511,3343.18812150083,1,6542
9223.24332601744,2246.30766084052,6,6543
-2906.86664980467,76.8323325539481,3,6544
7275.84548591882,-3992.99001240175,8,6545
-3340.08096276897,6403.51131107333,10,6546
-3717.31703965542,-1792.64926973014,3,6548
2488.2079606321,-3395.80570541709,4,6549
6731.80310081862,-2186.81105168092,8,6551
4919.80313783283,4731.10704006706,6,6553
6532.22290038902,-2395.72020707095,6,6556
4067.04331111959,-3372.76772290887,2,6559
-4925.11861956154,-1582.67071251144,5,6562
5340.27859677446,7167.83102225038,10,6563
2339.05127184737,-2408.67222665013,7,6568
4755.49484880377,-4917.46544056929,2,6569
-57.9589736184117,-427.003768390356,4,6571
2801.69979873722,-5952.59118273912,4,6572
-784.699478895188,-4114.53564304084,1,6573
-256.127588693557,-458.225815598102,4,6576
-9506.87995459604,216.980567930028,3,6580
-1242.59358923336,-2359.45638641239,5,6584
6106.56074664289,-5309.93077643413,2,6587
2941.56425410331,12859.2968356557,10,6588
-3253.40365805792,-1179.14043000569,1,6590
4058.94298763219,1978.13455106035,6,6591
5860.86177417561,-656.255557752952,6,6593
-10288.4468188,173.849648469891,3,6594
5772.65620515747,1896.11134890771,8,6595
-6458.56595231422,-2257.80314088532,1,6596
4833.10681796582,-5140.1656706323,2,6597
-8902.94967911261,-605.151426598477,1,6599
5722.87256095506,-1690.4156881321,8,6600
-9949.21323058568,1392.12564666607,5,6602
1212.57126812077,-2777.20627774628,4,6604
801.956164367839,-4714.1721480826,4,6605
1734.55057489226,-3604.04528774614,4,6608
-5433.82816062778,2271.61264565305,3,6611
2752.42527768745,3396.51694819428,9,6612
-5633.41129785693,2140.17032876264,3,6614
-4567.91474865256,-1830.6501530038,1,6618
-4140.38002902513,-2232.08384057539,9,6622
1244.61108332364,-4775.63257045396,4,6623
3688.44714287942,-1864.61150092712,7,6624
1934.91108883949,5218.003531111,9,6625
-5631.69081260129,-2259.55227810699,1,6628
6313.70973248144,-1729.87259399213,8,6631
196.252526518483,-5500.43517813066,5,6632
5441.39770983031,10483.6712077219,10,6633
-8172.83666336976,-762.080164728279,1,6634
-998.82943576044,-2831.95407326692,3,6637
-7302.25370562906,-730.713765622433,5,6640
6634.50930281738,-1761.95308605334,8,6641
-2949.47130067941,-3888.03500677446,3,6642
331.287046235246,-2155.95866478191,4,6643
2442.6271695268,-2490.03120900447,2,6645
-4053.2904479038,-2995.58292390672,3,6646
4578.03316183886,-3718.2937957528,2,6649
-6190.92896762542,-3126.44709833538,1,6650
-4901.93014391838,7656.57422652196,10,6651
-6993.43236555979,-3779.00670824811,5,6652
4874.46018475079,6355.53075973773,6,6654
-6460.74467426608,-852.925170874275,1,6656
-5580.00584076346,-128.157802659851,5,6659
3367.65682411901,-3692.99512805604,2,6660
-3993.94832189475,-1879.29878986159,1,6666
4470.3542931696,5732.47476859618,8,6667
3429.18560758874,4757.09633148179,6,6672
18.7736917689493,-2447.2669525242,1,6673
-5924.9711370023,2091.66610616696,3,6675
3496.43018069893,-3853.50356975188,4,6676
-77.9691469443916,-2613.68703702596,5,6677
-6850.40253575694,-3731.38328082962,3,6678
-5542.70869651619,-4890.87170966189,7,6681
7916.99216611022,-3249.64890137175,6,6682
4760.94875846729,-4812.52500584228,2,6683
2725.1909515259,-3626.86088962913,2,6684
-8669.81008321273,4356.82903476183,3,6685
-15022.2810231061,6718.67707949701,5,6687
5295.66108363258,395.865663941594,6,6688
2930.17280237986,-3394.3251748972,4,6698
6447.89208989687,-3938.29668930471,4,6699
-12824.0863931544,2017.71662950753,9,6700
7510.84161532189,-5268.19662229154,6,6703
4956.17053229214,-1827.82863827811,6,6704
-2765.31256530963,-2027.60626394691,4,6705
1721.82245761071,-3073.80575080067,4,6706
-1028.04918353117,-1275.42184363449,3,6709
-1906.73057050814,-2758.5206123397,4,6710
5092.85337872563,921.010913907717,6,6711
8071.06409923444,-884.115037891645,8,6714
5255.77917913067,485.147231893399,6,6716
-6879.27920415319,-3402.78458707971,4,6718
-2596.34446899084,-617.574141367381,1,6720
-3451.88023130283,-1669.7981155343,3,6722
-3265.9910900905,-3859.08328804353,4,6724
5126.83638398075,7030.84659954928,10,6725
-92.0686960381816,-4030.44940829514,5,6727
7917.77942684942,-642.868295850624,8,6728
-6135.26301801132,-595.336937206499,3,6731
3988.52195864484,-5011.45538284607,4,6732
-4921.0241829605,-803.507090042875,1,6733
-984.78247228366,-1628.41094745999,7,6734
4464.68745725049,-4313.72516930323,2,6735
-7781.68783833328,4532.67262186277,9,6736
-1680.93137090596,-2207.38468530068,4,6738
9439.65277938919,2178.32553449041,6,6739
2049.92457960708,-3473.19830359982,7,6741
-2739.45645491962,4508.30586241708,10,6746
-594.398426542165,-3284.45582881363,2,6747
7284.15943686624,-4800.43895348845,2,6750
3955.77090451585,14135.3670732998,10,6751
-1849.0992473021,-3786.18336663497,4,6755
5759.10886851391,5363.95294915424,6,6758
-6956.60138692232,-3619.12703627702,5,6759
4563.88693248297,-3192.39578354294,2,6762
-1362.49028046373,-2288.27547171906,3,6763
6265.46333159072,-4555.25162981851,2,6765
4593.87507853836,1191.50137791825,6,6766
1348.31667619034,-4190.64125012491,2,6767
1646.94295743917,2688.62568135205,6,6768
1788.36054267189,-360.925569956877,4,6770
24.2262787493681,-2991.54849024797,4,6771
-10807.7927336438,1891.42617717325,3,6775
2993.32344344436,-4220.81605315497,2,6776
4901.19765869997,-1351.11657607701,6,6781
7750.07504488668,-473.391776627344,8,6788
-7752.53243631978,618.049907030893,9,6790
-3177.21278986532,-5274.46314065966,5,6796
-10350.4185774605,3697.61802700505,3,6798
4289.78656443801,-4728.39090786434,4,6799
7702.03822345642,-2359.34987517511,8,6801
7295.37915220929,2340.26040179923,10,6802
4388.77092508741,-1860.02633817302,5,6803
4705.60515984704,-4625.96739422124,6,6804
-6725.52697514502,1642.01653977961,9,6805
-491.620514263945,-2465.5671552046,3,6806
5248.14072721553,-3766.34120544498,2,6808
6691.4218110412,9057.23406030329,10,6810
1641.97564107177,-4305.21265291855,5,6812
-6392.02674162795,2043.80334630306,9,6814
6014.06155087761,5899.26511721057,6,6815
1099.25970322259,-1214.01560218731,4,6816
-7938.89875504302,-135.530432298079,5,6817
-5138.82407412644,7383.11594128527,10,6818
-6057.11704266658,2313.5696274925,5,6822
-13057.044200702,713.909706402878,7,6823
-5062.7435463984,1588.12426776631,9,6824
2625.90511590006,-3837.18484158067,7,6828
8588.41723790383,-1650.61492732269,8,6829
-3153.01180547523,-3638.76290762474,4,6832
-5775.95976862145,-3995.14733332714,3,6835
4711.14598149573,7614.80197563622,8,6836
-6967.27780516102,-2028.99106439424,5,6837
6407.76011232664,-2383.96246724307,8,6842
-5440.34684533067,-825.655204011347,3,6846
-7863.79603806218,-2471.89358948297,7,6847
-2891.95162575554,-1848.36667707945,3,6851
-1484.30297833863,-4547.14123041436,9,6852
-9615.83246600558,3678.24921104433,3,6853
2367.39074799279,-1820.95857903365,3,6854
-8015.91454602558,-1398.31716819725,1,6856
6197.05156535066,5456.84054281804,10,6863
6959.97271006273,-2634.87915887448,8,6864
-1151.44034374714,4514.66333788069,9,6865
4840.89509929667,-4492.15700505702,2,6866
-1335.19453695258,-513.785195672046,4,6868
-6198.74639055153,-594.927851238912,3,6871
3039.97129549802,-1279.44414334507,3,6873
2078.79811976175,-3047.63150658976,1,6876
2331.49389888768,3954.65577204964,9,6879
5281.61570332284,1210.17669687971,8,6880
4414.91425586327,4122.99102467639,6,6882
8018.09081600359,1359.83794805266,6,6883
-2431.41853553869,-3512.74453781569,7,6884
-5927.26267452466,-3662.64044383478,3,6885
-1504.42840511812,-4191.99492545322,4,6888
-8316.09868485665,335.755773341157,9,6890
6309.63180679757,-851.242058150201,8,6891
5386.4782082979,-2659.76162576716,8,6892
-5359.60860792313,-1190.04512832083,1,6894
-1248.86231442224,-707.224676268317,5,6895
6641.07132137639,-4400.38048165724,2,6896
-10804.9185560804,-1506.66877682047,7,6897
-2792.22885768055,-387.787730739206,1,6898
-9452.15264378717,671.904847570391,3,6900
-4317.26360182487,-4975.8477295887,4,6901
4925.16677612526,8430.5829038879,10,6904
5902.30224136324,-1761.30710404999,6,6907
-134.469758535999,-2652.32024905586,7,6908
-2357.48758710425,-2943.69700157789,7,6913
6450.72814188376,1264.71857275851,8,6917
-9858.43291174247,-141.755509067492,3,6919
3018.2744868576,-2593.1718295323,4,6921
-5749.60185949778,-2264.03289127989,5,6922
7084.66127947439,9164.5442118863,10,6923
5296.20900665958,-2888.07144683155,1,6924
-9829.00825795803,-1944.95778544421,5,6925
-7183.62207836137,1920.21654440197,7,6926
7319.71976189763,-1391.82575367297,6,6927
-10020.8696460916,-1905.98168798515,3,6933
-7417.26860500777,-1868.37362850623,3,6936
4196.5449477547,-118.499873331603,6,6937
2126.00608033682,-2622.65922626072,3,6938
-9766.38525015303,5373.96546204161,3,6939
4891.25930584359,5505.00264798124,8,6940
5232.61978267062,-1153.49238999695,6,6942
2426.08815554842,-5013.58447896445,4,6945
-1068.04263507254,-5197.12044210977,4,6946
-6423.60904264622,16.147025625469,5,6947
7311.6244214055,875.987393091873,10,6950
4707.71727360928,9200.17464113107,10,6953
6239.12202712577,9339.68548586136,10,6955
-2200.00931207669,-4238.26222855412,2,6956
4920.30631875309,-4519.30729479385,4,6957
1256.23308883412,-3456.9548497346,7,6959
7142.3321586796,6387.07455454843,10,6960
7654.58007415899,-2430.72006969379,6,6961
-2883.31186412143,-1514.22886779363,3,6962
-11046.2132556122,342.855930656265,5,6963
3117.96662987905,-4427.81249235663,4,6967
921.199043919913,-3169.26178279209,9,6969
-15065.5501594728,2686.08246752025,5,6970
-9127.21486773801,-2709.07405132366,5,6971
3794.26797445391,-4502.70631871857,2,6972
6884.51448985127,-15.4171210983742,6,6974
1841.11427050796,-4274.22356944658,4,6977
2395.76731851965,-3348.42202092498,4,6978
7207.67088870736,2393.06419850065,6,6980
-9961.80803733259,7527.52876235723,7,6982
-7720.89396865875,-2128.310384251,1,6984
5659.85878780241,1369.79674425486,8,6985
4969.8449184011,6406.03881814224,10,6986
-1276.33061903445,222.536016333298,3,6987
6816.80741206569,-133.881645930656,8,6988
5933.98122245985,1751.28272044442,8,6989
3885.5953752671,14495.21816312,10,6994
3182.12419408941,10403.5778821905,10,6999
6939.75045863425,-143.270469571092,6,7000
-1934.33123927308,-3811.44291397379,7,7001
1129.02137822628,-4718.81493375378,4,7003
4433.02655952822,-3402.57757265907,2,7009
5017.99824601203,1367.46196001587,6,7012
2653.05943460257,-3100.84226818736,2,7014
6848.41099481461,2502.0865550077,6,7015
-5037.8507793119,2298.07692045848,9,7016
-2996.90031220656,-749.45940311606,1,7019
-6565.21207108239,5072.74323406282,9,7022
3464.3217997866,-3613.27378885564,2,7025
-6347.56165282623,-754.971137928881,3,7027
-3754.8207798419,-4635.94315680166,7,7029
-3899.34992293023,-1650.00012785601,7,7033
160.990900692766,-3630.66501330184,7,7034
-3315.58744109451,-2468.66922498897,5,7036
1693.38760026149,-1128.17672836563,3,7037
-562.059778386718,684.702963170746,9,7039
-13565.6644525768,2893.97969945908,3,7040
5514.67484194801,8989.77395298513,10,7041
3572.22588839761,4485.75675509243,10,7044
5482.95783352324,3358.52490641549,8,7045
3971.29140364226,-3938.32988040304,4,7049
6748.14464598303,-3440.22668336113,6,7050
1042.57264417621,-3447.88164172567,4,7052
-9354.47574466395,-1445.04911822766,7,7053
-1909.35502386326,-3937.99650516838,4,7054
-7975.60473770473,-954.394336301041,7,7055
-2303.87508266046,2020.4426996703,3,7057
6193.69879340408,-3097.16339164748,6,7058
-6756.1734497594,6218.32712280161,3,7059
5884.54038815858,3226.15437803193,8,7060
6430.17582074437,4258.72554672991,8,7063
8136.20359243203,22.9258666936223,8,7064
-138.513083090957,-2361.04489039694,3,7071
1611.04430027749,-4517.701765573,4,7076
4267.34451788372,-4879.67880225529,2,7077
-5057.17696827892,1206.45198627998,1,7079
1549.42090804853,-4687.10923863666,3,7081
2797.70538047394,-2149.21761997439,4,7083
-3105.81071740275,2044.7353919488,9,7085
955.744876406241,-2122.68598730766,3,7088
1235.94961730423,-2596.78278920068,4,7089
690.846355554465,16016.4947272931,10,7090
5325.07579512546,2098.86086004894,6,7091
-4008.57709947071,309.245247164697,3,7095
5519.72135541495,4521.08771425981,10,7097
-1638.25761862452,3276.9935064083,3,7101
543.852753459409,-6365.33379771104,4,7103
3203.20034810107,-4275.00189453572,4,7105
-6919.95639098749,-3364.6112050678,7,7106
-83.096707639653,-1556.78413330456,3,7107
-4558.38269819029,-1834.62529515461,1,7110
-7934.0723601425,866.041516388144,5,7111
6043.1157739966,4308.3609690858,10,7112
7585.92024877267,5207.77022774814,8,7113
-3433.60582330452,-1567.28382609777,7,7116
3155.64948899572,6463.26469113211,6,7119
5358.85753009619,-3630.48789132383,4,7122
5378.12712270905,-620.517669937908,8,7124
-4637.79843069517,-1651.34945595454,7,7125
-1678.43021056538,-2306.71841510311,4,7127
-9204.56521642003,1661.71367279972,3,7128
4792.62245066196,5377.56914192555,10,7129
-808.335186408869,-1898.24803146512,4,7133
5075.66543719031,12882.0537605927,10,7135
-2908.10173722644,-633.099990396327,5,7138
-8280.95919049716,-164.280149981177,5,7140
-8262.33069697599,-223.854223732737,7,7141
7687.93462443151,-2764.60834902778,6,7144
-5105.28059557142,-446.317525143123,3,7148
2658.55395238536,7746.79678066422,6,7151
-3111.38402626863,-820.9897041282,1,7152
-535.366446861015,-2165.91164373597,7,7153
3734.12534360343,-3949.10479897333,4,7155
-3455.11844741338,-1103.26784208193,3,7157
6066.65367693649,-178.715516553191,8,7158
2973.98516014765,-3584.51930992003,2,7161
-2113.44023145401,-985.372434754389,7,7162
2326.48285136299,-3278.09969645094,5,7169
-6748.62602758601,1504.39759629252,1,7170
5591.47764925305,9813.78284564342,10,7171
4043.11714734985,10494.7679246676,6,7176
4218.44118496628,-4341.13402712037,2,7179
6605.72606735617,-4154.51945058792,2,7182
6295.2909212481,-3412.53942905283,8,7186
1671.58129973695,4498.30139370051,9,7187
2880.98969998302,-1242.03289644325,1,7191
6123.7973573316,-4892.8702736737,4,7196
1143.01345590078,-1983.68513348645,9,7199
2610.59418483343,-3138.13788076481,9,7200
-4908.06097300326,-2108.33813649332,1,7201
-730.893863734747,-2224.75648444641,1,7204
-7632.90270568163,-101.913430416721,7,7205
-6766.84020925765,453.436097840386,1,7206
4556.92462784662,-4501.62959640351,2,7207
1531.67381758309,-3677.63701440978,4,7209
5839.73258557257,-1399.31806495,8,7210
1245.28341843261,-2375.10109542003,1,7213
2320.24005261083,-3495.693301205,4,7217
5598.11794029458,5578.55512860908,10,7219
-2226.332171831,-2647.06275323565,7,7220
6303.25588539796,-1766.09785504459,8,7222
-10586.2276281808,-1538.10809220936,5,7223
3192.5058936641,-2796.14545535234,4,7229
4525.7601508586,6536.38354223693,10,7231
3849.74857091192,1127.72856785432,6,7233
4224.2422451995,10017.4176518917,10,7237
4070.60853805803,14661.8203003389,10,7240
-12485.1992932434,3433.01079030078,5,7241
3693.28117996042,-3534.38368338682,4,7242
5290.22650113515,-5043.77907533184,2,7243
4865.6090021953,-4861.40242033386,2,7244
4346.86483446934,1411.09430913259,10,7247
-6191.07171043453,-5563.96655285087,4,7251
5087.26071358646,-3990.46060803376,2,7254
5337.83326434142,446.050598701449,8,7257
5169.0795228561,9413.99536378831,10,7258
5859.21967963531,9266.01613156472,10,7261
-2253.68643272903,-1187.59818622769,2,7263
3109.43634874234,-2530.7199078006,3,7264
-709.087578840933,-5727.285793345,4,7265
-8212.77517343695,731.918163129426,1,7266
1275.67753558538,-3655.75779514939,4,7268
3558.5027434816,6071.01529226584,10,7269
755.901395564154,-4924.62213732247,4,7272
1330.55662573873,-3096.80206043997,3,7274
5775.29777130475,8317.2140539757,10,7276
5104.14859713713,11138.62485141,10,7279
3110.67806371616,-2923.82883026866,1,7280
2411.6399560305,-6.25866100632011,1,7285
6816.57143810533,2837.61155447409,8,7286
3430.82202322981,-4077.32476432935,4,7289
-4699.48872432344,-1846.40514241657,1,7292
-9626.98680437133,-678.2301439572,9,7293
-2238.92266894588,-1263.82762717332,1,7298
7169.9659067529,173.057700193188,8,7301
1075.04605739128,-3279.56765431371,4,7302
-6501.22296342441,-2230.69553910401,5,7303
837.404639894262,-4569.77838666753,2,7309
-151.898069317841,-7866.19334847168,4,7311
-6327.06440203651,398.329006677776,1,7315
7201.83134622026,-2488.74512493777,8,7318
-4675.12458222887,-2846.60985409533,4,7319
6575.3910232636,1075.14371806618,6,7320
-4275.28481054614,-2445.2287019573,5,7325
176.477784146278,-6452.22995447971,4,7332
1259.61339428261,-980.899887546551,2,7334
184.100706924316,-1765.0086775485,7,7335
-3872.32243854455,-2839.14992896534,7,7338
4815.0554675711,7793.98789418349,10,7341
-5009.44629816179,-2059.0325593248,4,7343
6428.61038397074,-2224.91841303085,8,7347
2063.59321908588,-2902.10973158106,4,7348
2731.71054175196,-3951.90300048124,4,7350
-118.707818648773,-4021.88668943551,1,7351
-4657.43744004094,6724.48875535677,10,7353
-8609.36615082462,358.399022265115,1,7360
-392.814560465256,-2611.43009933332,4,7361
-8769.19443369147,-4649.85727322806,5,7362
5919.18605903577,-5639.35896255757,2,7366
-2838.04076659369,-2691.47289412297,3,7367
6259.98507251462,-4502.88844914808,2,7368
5642.57659795657,188.71708507116,8,7369
-600.98162229383,12016.3058045124,10,7370
1895.88264470981,-2122.73778248557,7,7371
-8696.96780612929,1658.74596989923,3,7372
-12473.7677240004,-1513.48454808627,7,7373
-7870.74415757627,-260.932311542953,9,7376
75.8750124571375,-1838.82453765369,1,7380
-8856.35383280911,-3520.38284722593,7,7382
7063.52896455801,713.061540103964,8,7384
-4803.06584094551,-393.030775857773,1,7385
7336.74708445989,342.550362307861,6,7388
6723.35034673689,-3677.01537227101,6,7389
476.127915243669,-2498.44934681122,1,7392
5704.01132141226,9887.18931672942,10,7393
1694.1318638179,-4440.94824319985,2,7395
610.016050144932,-2792.01575495561,7,7400
8904.68596290411,-1037.87598267255,8,7402
-4398.88356923478,-2022.91398897457,1,7404
1031.83179176343,-1925.9023587433,1,7405
-7148.54966895659,3509.05156059753,3,7407
4220.31462714065,-4614.12267231952,2,7412
5063.1087387108,189.732791444263,8,7414
4680.43105648769,-4568.50398791219,2,7416
-1297.62259890855,7698.20181568394,9,7418
4423.23596809669,-3615.85328446249,2,7420
7486.19662130876,-3718.06750089151,1,7422
-5.50652678098247,4487.57902944047,9,7424
-6546.00906704194,1014.38519908273,3,7428
-1287.52003904699,-1004.62350118011,1,7431
2635.55728859515,14591.0691974749,10,7432
-3787.18747439205,463.620623719656,9,7434
5922.43157880145,-273.186615155553,8,7435
-391.737356212412,-3520.71098224252,7,7438
7193.46099388398,929.810927765047,8,7439
-9574.08690220959,3841.54477818477,1,7443
3616.76107465219,-3981.54494091492,4,7447
6733.62409302484,8208.61301495692,10,7449
-2891.90241626997,2645.8174543765,9,7450
57.6305055453654,-3004.89309467509,9,7457
-4856.44374964227,3379.96656232831,9,7458
-814.275653802996,-2736.7757206391,7,7459
7409.00794667705,-2960.25055959754,6,7460
-7179.57857762885,-737.165598914434,1,7461
-4929.9356207714,-234.87846714876,5,7464
5886.6822731747,-3522.70295677236,2,7468
3533.87441810692,-1058.99100734171,6,7469
-9231.05235825111,-414.707010376064,5,7470
699.128709334488,3431.1510942814,6,7473
-598.756129411184,-1905.13757612872,3,7474
8027.85011416318,997.94225954197,6,7475
6563.93164650582,-1156.0797411157,8,7478
-2862.66746756377,-3219.48840886569,4,7479
4333.54823583029,-2732.19458487055,1,7482
5386.09366215567,-3701.17916111086,1,7483
-10186.0998337083,-1699.37294789486,5,7484
-12490.9747894591,2755.00709074025,3,7487
-1939.09990076551,-2366.2673130788,1,7489
-10522.6975889593,-2321.31319034418,5,7490
6510.37012314686,7228.75442381021,10,7491
2605.55316603154,-3087.07276116608,4,7495
-3071.25120490915,-3068.34608375754,4,7498
-6814.1150790654,1284.43550963497,5,7499
-1503.15793588551,8889.48200707208,9,7500
4589.457240142,-1974.98554261501,8,7501
-9283.6556208381,-508.609079564168,1,7504
-8406.16361645362,-1358.70985638621,7,7505
8128.58513861615,441.889286243129,8,7507
4196.83292383673,10056.0723073349,10,7509
4906.44686305846,-3543.75419788086,2,7511
2642.78454412637,-1930.32305834809,3,7512
6371.60025739838,6285.25899533502,10,7514
880.621867111443,6216.09552211084,6,7516
-11112.4619569502,4655.8244554186,3,7517
-10062.2946324605,2505.77598264339,3,7518
-9507.66880836323,-2091.53821396964,7,7521
-4648.87846706759,-1784.37888852375,1,7523
735.280070236996,-1872.55699495896,4,7525
-11227.9747351078,-555.125980799393,3,7527
2343.48706356561,-4371.84545572585,7,7529
4541.54805935665,11849.9796555775,10,7530
4216.36842582126,-2717.50580173309,7,7531
6505.47723107135,-1801.32861155772,8,7533
1166.38600231721,-3111.4819135815,3,7538
7953.89954961069,59.0656830710839,8,7539
-5160.24585729565,-1162.76974249881,1,7540
-4583.6796284735,-2032.41727872592,3,7541
-14738.008279531,-402.192455791499,5,7544
2280.90689787811,-5026.62474118653,3,7546
-10610.0904000826,861.754035425589,5,7547
58.6109032396087,-2260.301860339,1,7548
5936.73541703022,-4323.54352922248,2,7549
6705.76132541585,-1093.07545938013,8,7550
-11959.2797146137,1772.89775891357,5,7551
-8274.78753701486,-2169.99900454387,5,7552
-6618.48650939144,5436.08092811247,4,7554
-159.803757818825,-3612.51588111939,7,7557
-2725.67454813874,5784.8584427316,10,7560
-5875.78741966974,-3765.32022591154,7,7566
829.497243513161,-1638.19821817796,9,7567
-2527.39551936675,-599.898352404111,7,7569
6472.25830907424,-1951.32716078391,8,7570
5565.27825352406,-3779.22597776922,4,7571
-1528.37005201663,-3530.17792008071,4,7573
1450.81445535285,1057.9143521508,6,7574
-6054.25012999668,-5617.47178404434,4,7577
-2941.60080619516,-176.739272783593,5,7580
1141.76442489974,-3278.60309438601,5,7581
-5821.34615440689,2665.02225739811,3,7587
-5076.87081811683,540.846804438561,1,7589
-1667.16939092556,-35.99657248726,9,7590
3282.26605939617,-2751.03476247726,7,7591
-3158.88460266427,4828.49548606929,9,7594
-95.2745663488991,-1142.41890523417,4,7595
-5462.63617084088,-4085.6276660494,3,7599
-13287.5532588983,3970.96533387832,5,7600
6518.15870607825,2154.10773789728,6,7603
3966.06134475842,-3200.79598726934,2,7605
8000.49986574158,6214.18916205535,10,7610
-4591.0798927911,-3782.05035997904,9,7611
6118.77311154326,-4158.43717030061,2,7612
5956.72728215118,-4182.04908101067,2,7614
-5573.93358597463,-465.944367873938,1,7616
-3127.30514729468,-1162.77985461086,7,7618
7582.57017631209,-4557.20729134538,2,7619
5086.69858205839,754.051147453063,6,7621
6866.47462383375,-4094.44737625451,2,7622
-2851.42679451044,-1935.19009242126,5,7623
-7460.53460904432,-2674.21039702064,5,7626
6327.09496423387,4892.35039015978,8,7627
5805.14612679302,-4940.1172399523,2,7637
5947.94737453466,4799.90384802405,8,7640
6035.56228143708,8503.77094696284,10,7641
8032.9557729548,1549.89904530852,8,7643
4437.23149105847,-4628.24815366208,2,7651
-226.135915610291,11450.7486356891,10,7652
-9306.2585313921,-1248.09246016522,1,7654
3912.54461388833,-4192.74623880502,2,7656
789.587105792723,-4060.03649799233,1,7657
-944.243979835762,-1028.96538642027,4,7658
-5202.55264269407,-488.602852327807,3,7660
6534.12405266922,-2665.57549848071,6,7661
7257.57096604775,-2606.16064832848,6,7662
-2439.64071612075,-3703.25395945343,9,7665
247.739518783417,-3750.54698365652,4,7666
1394.47275749309,-2302.31065297671,5,7669
6062.51374244079,933.178006860935,6,7671
6460.80534686386,3617.62105394638,8,7673
-8755.21534456448,-2397.24437254146,7,7674
-5352.35716769418,-2301.29870562437,7,7676
5539.96620084265,-372.219313386209,8,7678
6212.71321325552,-1236.09104570932,8,7679
7587.65857667728,7633.78964702551,10,7680
3129.38523971608,-3836.95100354463,4,7681
-3335.01926731975,-4199.22761647649,7,7682
6832.10050594111,-669.673306797541,8,7684
-5217.82089402956,11721.3829373816,10,7686
3753.71286487246,-2738.14395408053,8,7689
5586.52330133474,-3876.06451653038,2,7691
5236.50059337748,-1906.37956563845,6,7692
4182.36538830195,-3999.00898097642,2,7694
3348.98564877761,-4170.76631844003,4,7696
-6928.3265595314,-4028.76943362224,3,7698
4647.63217795578,-4157.73867215828,2,7699
-3609.27495897034,-2275.11176303844,5,7701
-1232.0879651244,-2387.63395930129,2,7704
7895.27446388054,-1195.18908514625,8,7706
-10423.5746724329,-332.227233311516,5,7708
-10851.7147386836,6457.22735409663,3,7709
-4283.01581127719,-5421.25912260995,4,7712
-2195.4280233824,-2088.34601617642,1,7713
6798.2186443006,-4220.63153576039,2,7715
4375.35596112829,-2879.00358993581,4,7716
7121.97970091373,5323.22655908643,8,7717
4390.43503244833,3193.27468755585,10,7719
-5085.0831491759,-518.054907682262,5,7721
-1811.11930265847,-3160.89842856471,3,7722
5633.64108999459,-1584.31859460444,6,7724
4263.51831031493,-3626.97663486707,2,7725
5623.1612893683,1888.50778313514,8,7726
2622.5326944144,-3104.15381009353,7,7727
-6525.16515782422,957.614091953241,5,7729
2152.37810888403,-1435.55178105578,3,7732
7292.74106323655,7065.81603353965,10,7739
9815.96796938808,1241.68857203523,6,7744
5469.47337753093,1878.06092419226,6,7745
-2297.01182502626,-2590.75170548649,1,7746
6052.09456678346,-1306.2045767486,6,7753
-4762.12458166824,-4294.32230635,5,7754
-1433.40481787406,-2362.57851116624,1,7756
5539.46284574344,6532.76141220958,10,7757
3030.73486485906,3533.36172047479,8,7761
-8260.08879204613,1788.62311868095,9,7764
-5013.97872581989,-4317.49510976451,5,7766
-7108.72067143735,1300.62772526344,9,7768
4796.08943944555,-5799.43191500232,5,7769
-2360.77992065704,-2068.46526763143,4,7770
-833.309821523472,-3715.97314718953,7,7774
-3973.5795050953,-1664.54136497294,4,7775
-5518.56570241908,-199.670330983944,5,7780
-10950.6916208232,1356.12990515658,3,7781
2137.53417081928,-3020.32048841159,1,7784
2288.87641391024,12655.1696885335,10,7786
527.757688199362,-4419.89860062221,7,7788
-8129.26606528915,6968.07814710347,9,7789
-11412.0049264043,2902.93023498937,3,7790
-553.939566709977,11032.3633049028,10,7796
-6865.36464092412,-1899.0951283066,1,7797
-7471.68870823227,147.378904322878,7,7798
5319.11437808868,1016.02900984131,6,7803
-3469.35883859695,-1749.11973237931,5,7804
4058.72695717644,5386.15238111935,8,7805
2914.00557575818,-3364.80800033686,5,7806
-2803.98096274837,-2215.73761062163,7,7807
5221.32119323665,-5231.07724002604,4,7809
-10325.8897387754,1219.45421352573,5,7810
4998.27803423424,1585.20324286968,6,7811
4498.22665492775,-561.590557940096,6,7813
-6466.2335533827,-472.795243706922,5,7816
5665.38980860599,-4836.63070455321,1,7817
-11383.3845774003,1272.56481339609,7,7818
-7520.48133611862,421.307222870375,7,7821
-2154.86479945672,5262.88635477524,10,7823
453.493248796067,-4254.40769405677,5,7830
7712.69627382342,5124.12546182435,8,7831
6092.92143420867,-827.866414722147,8,7832
-3603.8836956776,432.937917161951,5,7834
-4955.36952587041,587.681605145383,9,7836
-11029.5753403703,1401.76456999188,5,7840
-2154.69587213047,-3756.71721891339,4,7844
4914.405231997,-5886.19093819763,2,7846
-8164.44263965396,-638.552995394004,5,7847
3788.33737909141,-3981.90797023904,4,7851
-6273.03149997461,-1963.180430758,1,7853
5587.79037915207,414.150630642637,6,7854
4758.45218721069,553.959996800029,9,7857
-2064.94929239605,-3926.27561343414,7,7859
6594.47187243632,998.146597604987,8,7866
-4184.03731713774,-2569.71315331949,1,7867
3902.37438824913,-3575.8462474087,2,7868
-4228.08857506387,-1290.74259953025,7,7869
-968.947113569278,-1220.72314440751,1,7870
6013.89728235586,6436.58638914137,10,7874
8173.94225982512,-1313.72936283052,8,7875
-2105.49189342174,6577.71239516564,9,7878
5862.43078947804,-982.339527047727,8,7879
6397.99495596384,6030.58568339287,10,7882
4277.44391954411,5726.564983467,10,7884
4733.52907928193,1126.15364714954,6,7885
-8983.4885385689,-1114.13799809634,5,7887
-5276.00365838576,-3584.69355584484,7,7888
3657.80627129525,-5206.79445932802,2,7889
3363.31516879977,-4457.58076591416,4,7890
-1869.20225151342,-2715.03624747997,1,7891
3634.32483597235,3531.03875886689,9,7893
2723.69129628132,-3171.76289974072,2,7894
-9655.37523572051,-2200.25117483594,5,7895
5672.23177607138,-4202.92886015499,2,7896
-5856.32575337366,2154.26417195681,3,7897
7382.88136588712,-4818.16900043457,2,7899
5692.23568571827,8015.76314239773,10,7900
-5366.28188348996,13280.567877428,10,7901
-5680.32329933985,-1223.54309475806,1,7903
254.415085546195,-2386.18444237787,1,7908
-2377.45029371394,-1463.11065541473,3,7909
-8495.8978767641,-2737.13868660853,5,7912
5712.45710814222,6973.7546780971,10,7913
-1361.76208539983,-4355.33433035543,4,7914
4397.21069554481,-3728.07666123254,2,7915
5067.40861004644,-4013.74097193697,2,7917
-3624.46460321197,7469.23668844333,10,7918
7566.4768867994,907.468016630747,8,7919
-5159.28576542245,68.0933766967122,3,7922
105.761067011648,-1213.79762536842,3,7924
7053.34859805075,4822.28817774211,10,7925
-2332.4623929727,-2071.45046557958,1,7929
-2586.44855646792,7852.28685879506,9,7930
7148.24479972219,-1726.24696088246,8,7939
5405.53741991026,-3639.09669162532,4,7941
3763.45393193817,10064.214323078,10,7943
4548.75062217383,-4999.5583637832,4,7946
-673.893270307971,-1136.63135052166,3,7947
2435.30360675567,-2924.91619243232,1,7949
-6646.90797200671,-2574.4915256735,3,7953
6334.56736814786,366.535235728061,6,7954
6181.48456412929,-4890.54669706102,2,7956
6874.20911696271,5370.72979830593,10,7957
-2027.85602286374,-6177.87414539419,4,7959
-4381.28227439301,-4044.55744466179,7,7960
-4275.12701770204,1009.65853108964,3,7961
-10919.4356000186,402.21315079567,7,7964
-7779.64665833036,-2603.1465061066,5,7966
5403.75453601758,9902.39316615253,10,7967
8195.24882220764,219.390304997152,6,7968
3492.26290030483,8021.93268455552,10,7972
-2322.70347556738,-520.451577803951,3,7975
5430.90201868723,-4404.58093464024,2,7977
-9917.58537713553,-881.466371476101,3,7978
3169.96056388572,-3336.66885885697,1,7979
-4291.45523691175,-1236.78141515311,4,7980
3062.70324730721,-5671.45692234291,4,7981
-6597.28216405587,11078.2274340398,10,7986
294.758855655934,-2730.59253975972,4,7987
1249.60384194595,5378.02077937258,9,7993
5440.25931508408,2331.01863143138,8,7997
5327.94886058178,8505.12503281586,10,7998
-7666.61479860614,188.203567485275,1,8000
5918.04966075668,-2851.01738866248,8,8002
4490.54333509917,1140.01352330794,8,8004
5390.4054314152,6288.79167303366,10,8005
7373.54166406974,-2997.60157848549,6,8011
-2574.22424474771,8556.87186532631,10,8012
6478.39278884636,-2330.58042461296,6,8014
6776.01704105579,-273.689413289108,8,8016
6620.33473644954,-2642.9871868411,6,8018
-2927.2180111612,-1959.6147623519,7,8020
-262.319663049712,-491.877969367367,4,8022
6372.96369447729,-3723.80111652713,2,8024
5439.96015106044,8960.9816478959,10,8027
6707.12984360879,-2045.220883117,6,8029
3140.02643335363,-937.193441035768,7,8031
-2768.53273338598,-2482.1043872166,7,8033
2335.21965510596,-5137.09933915437,2,8034
-12764.1277920686,3327.28133217036,5,8035
4916.24357965408,7725.26444985052,10,8039
6319.15172645286,1023.21597200874,6,8040
-9488.59500744488,-194.222792744146,7,8041
4003.61046313897,1988.42644976229,2,8043
-6193.49476965077,-242.186539728802,5,8044
-8473.30384898582,-2468.52192175911,7,8046
8029.74884301016,-635.807972829853,8,8053
7149.326993939,4463.03821033706,10,8054
4885.64813046748,-1150.78556600822,6,8056
97.4616276517,13208.4955966904,10,8058
-3655.4767207728,-780.202168721677,1,8059
-11194.5694663023,3623.78803739017,7,8062
4488.53886105992,-1166.14644849826,8,8063
4481.06022170417,2157.04269381188,9,8064
5372.28692073503,5577.90685390115,10,8071
3719.76351165452,-3484.75244381746,4,8073
-3635.54393554031,-4293.79451193874,5,8076
6248.40480946028,3949.16152969289,8,8079
7369.81940882187,-3038.59594469551,6,8080
4839.60932331475,-4420.90711261927,2,8081
7799.77079099988,1869.40657164847,6,8082
5930.7283306757,4966.28195633548,10,8083
4138.419796006,2843.36085681684,6,8084
6575.28932471343,1027.99854987384,6,8085
-11653.436462988,6270.98313388146,9,8086
4921.22706749107,13812.7123216234,10,8091
-6832.65127628434,640.584977158604,5,8093
-424.398342826946,-295.681712822751,4,8094
-7089.77571708526,-313.83359079118,5,8095
-10438.6172751436,888.943381055002,7,8096
3134.84530211792,-1955.12890847411,1,8098
-1842.79619091157,-1008.46668290818,4,8100
962.377936799181,-3469.32521438315,2,8101
-4497.04164228356,6898.51189130784,9,8103
4251.01949704908,11922.8612153462,10,8104
3390.43831777098,-2732.90290704948,4,8105
6777.4491896584,-3363.45044335916,6,8111
1024.8928417596,-3238.14160793272,1,8116
7492.76140695883,-724.765473115743,8,8118
2617.36902083768,-1389.27122745035,9,8119
4116.31457267179,-3269.48748968071,4,8121
-5156.95655753148,-313.624824509248,3,8122
-1044.39498605767,10877.7072071764,9,8125
3302.20099633705,4942.17804911135,8,8126
-816.419018391057,-4619.42040642287,2,8127
-110.220333338755,-2494.47734821525,3,8128
6923.69849405478,-2799.98069160547,6,8131
2859.43255908925,8897.22864232642,10,8133
2567.97558503485,2520.50231059456,10,8135
5871.53825723935,-1057.96364068656,8,8138
-4934.88085885397,1049.27161365002,9,8141
-2786.62587693897,1905.73061291891,3,8143
3381.18241111576,-3413.90539718471,2,8144
6218.48570268061,-3205.90764674255,6,8145
1552.94911242525,-3177.49897717228,7,8146
2269.48651614418,-2479.2182175099,7,8148
-355.735363271961,3556.61622007002,6,8149
-7177.68302664833,-105.186692640686,3,8153
-7001.09431089155,-2699.69044662312,7,8154
5544.75492292854,169.041487474948,8,8155
6313.11602665021,-797.457899525182,8,8159
7522.6336846979,-1362.54281844375,6,8160
5277.48583001356,11861.6746142881,10,8161
-6978.82942951412,104.532990180365,1,8163
-2135.49954357997,1004.88026476701,9,8164
-3023.3810901459,-1616.49599123132,1,8166
6652.83400039531,-2030.38310912834,6,8168
-5400.18478561101,6755.20031320234,9,8170
5415.70739264539,4738.07447156886,10,8171
749.230208973202,-4582.21768970212,4,8176
-5749.41409425147,-831.844699504787,1,8178
5817.50344053821,9318.03181912467,10,8179
-2330.36846723703,-382.672049610985,9,8180
-352.718551862043,-5489.90243356128,9,8182
-6636.5934697699,-94.872550660318,1,8185
-6106.52749877072,2441.19041397093,7,8186
-8009.14191338487,-853.209316361399,7,8187
3269.53602786379,12052.8518095283,10,8190
-5110.04446803839,-1284.84361344142,1,8191
4914.74490548692,-5109.05527026064,2,8192
-1877.0371410055,-1402.87657004186,1,8193
6140.72439529482,41.5143713598651,8,8197
4125.80847633407,4849.24305649488,8,8198
3185.98462327302,9273.93727362358,10,8200
625.423832134646,3049.51136619708,6,8202
-2891.51182224494,-3598.49201133941,4,8203
5879.0943597475,5362.14972467475,8,8205
-4781.2813771318,-2854.79942933207,4,8206
5776.5101860633,-4115.62141848734,2,8207
7406.13858132603,-2352.64200443051,6,8208
4810.50132424027,1259.72330843754,8,8211
5965.97777295587,-2625.13293280728,6,8213
2701.49400239059,-5341.72577075464,9,8214
4389.27521850902,-4064.40347296921,9,8217
-8909.98029763292,-1675.98257811494,1,8220
1955.07946726443,-4033.9166852079,4,8221
6876.27922929071,372.881335248358,8,8224
6978.81030857008,-2651.4314176667,8,8225
4981.61433405551,3220.00075138979,6,8226
-6575.98646700436,-1737.78323619675,9,8228
-8681.55720672834,6821.04032045879,9,8229
-3313.85994405136,-492.871213331583,3,8230
-4171.72523452002,-439.621190490865,7,8232
-3769.90066951258,-1385.11961319386,1,8233
-2536.94314510546,-3424.76140111998,3,8235
-3751.6297153999,-3366.24549239909,3,8236
-2604.20705618527,-1885.44494574526,1,8238
5795.90778534997,-4492.02266398522,2,8239
-6504.35454388517,-1945.16987915613,7,8240
-4356.57973887422,1246.86961177507,3,8241
-8532.8178899201,-2093.98479044391,7,8244
5242.72336470606,-3060.40289035423,4,8245
-517.322072697592,4713.52084603454,9,8246
-1044.2327838097,-5374.65278558945,9,8249
-4760.31603008806,-723.11053455475,9,8251
-3202.51855621299,-2117.01111684243,7,8252
-2220.85854742135,-1149.11975385065,1,8254
-234.173623881563,-2028.28847803799,9,8255
5255.95226573466,10049.5508498317,10,8256
3247.97483745858,-4062.45024382137,7,8260
5184.9646340086,5929.84695754758,10,8262
-761.359145296606,-2655.05281415556,9,8263
5020.25768665026,-4525.72884648651,2,8265
6184.98684315329,8112.02636373143,10,8269
-8480.0319057405,-1231.39390504276,1,8270
-9343.49782102365,-1351.41917961408,9,8272
929.063327551447,1169.36451058732,6,8273
3061.80663064325,-2651.15583903649,2,8275
2768.06772471178,-3899.71148378887,2,8277
6073.20886119221,-5333.60594647312,2,8279
-12249.8858699919,-1532.85228252655,5,8280
6461.20528720437,7826.49977009228,10,8282
4677.78024911392,5601.03035502159,6,8285
-601.73307489104,9649.3456976232,10,8286
5373.75665325237,-4014.09815212967,1,8287
6138.10344428545,3097.19382646405,6,8289
-3158.71969882697,-1158.94215186915,3,8294
8634.66998634103,3639.90492838573,6,8295
-10308.9637584383,293.526452482432,9,8298
3570.26800546068,11195.8447597701,10,8300
-6405.54540955308,-1377.93953338984,1,8301
4252.74250974589,-3771.32423759483,7,8302
-7681.3263591178,-1153.19434482668,1,8305
-7619.10121108958,112.858649368562,9,8306
-3894.5939642778,-3804.42330728934,9,8307
-766.376511536862,-2437.20843518715,7,8309
6264.26164653238,836.223448747209,8,8311
-4526.80644945397,-3322.74190246021,4,8312
6151.18011783477,6514.98104042808,10,8314
2727.90147707483,-918.558788254874,1,8316
-10437.2694502569,-841.878724919745,9,8320
5871.09445534559,-37.9502995212894,6,8324
-3917.07542491242,4744.58127714085,9,8328
3025.88604334878,-2502.13114607503,7,8329
-6801.85068338592,-1103.84370384084,3,8330
5396.09359845787,-5522.17187282487,2,8331
2043.78323593584,-3021.25937584722,1,8333
-9048.92857833398,-498.796691863591,7,8335
-2908.12423439421,1636.37270047591,7,8337
8280.38019520462,-641.210606197521,8,8338
3345.04841693992,-3041.15892400304,1,8340
1188.58909500713,-3302.58292605958,2,8341
6912.41509189178,-3395.19386807295,2,8343
1734.78733572008,1491.04823615525,9,8346
565.501731597222,5309.09103022202,10,8351
6868.64760567071,9271.21899903292,10,8352
3061.5781690312,-2205.08265094904,1,8353
-9073.0337012205,-1039.11849584862,7,8354
990.005623083984,-2221.16362256613,1,8358
-4027.60881432453,-2099.27374315258,1,8359
-6016.2940119389,-4152.08369819095,5,8360
4423.77456829891,-4028.17444569333,5,8361
6360.59648006242,-2925.68332187349,4,8364
4578.75945334012,-3336.02333185482,7,8365
6151.60933934749,-512.951351291074,8,8369
558.854551057,-2173.57861269235,3,8371
-7514.28126896984,1673.80509207559,5,8372
-1194.32925769069,9126.85654681448,10,8375
-6274.87245166146,-1288.17389121686,3,8376
6628.15567471407,3524.36718282514,6,8378
5430.52903998863,745.579026834225,8,8381
-7919.95480446986,1045.47604523766,3,8386
7594.92385116074,-138.046767180027,8,8388
1534.20280893059,4430.48251965478,9,8389
3868.17074735189,2691.20844014122,8,8390
3373.49052753456,-404.960945159059,6,8392
-9443.49206113207,3623.92335740241,3,8393
-8214.63775923584,5322.53444748937,7,8399
6655.06932847578,-1065.10098668364,6,8401
4599.08561189191,8146.53422961649,10,8403
-5973.5755979115,1847.56451929239,1,8407
7831.2027574811,480.326901726413,9,8408
-11023.73203065,10.2586595470481,7,8409
-9354.02023360801,4008.49656349481,3,8411
111.155884230343,13692.9255989523,10,8412
5905.2148147777,-4676.96094929303,2,8414
3071.99153977122,-4182.02727698406,2,8415
-4737.15942365502,-1222.13022029875,3,8418
5690.17811077916,8156.21267295717,10,8419
883.510273833053,9741.72377560219,10,8424
2736.82319578791,5782.10356515715,6,8425
-11872.4940834029,3791.40568249636,3,8427
-6168.88445767837,-973.022161936377,7,8429
2632.48133075916,-4572.28064870568,1,8430
-2578.70167013741,6539.89109346083,10,8431
-7037.90261149883,558.091113367872,3,8432
-6912.13947637741,-1614.74227827573,1,8433
-11321.4307651212,1862.00467916839,7,8435
8266.8829746981,4270.62689505463,6,8436
6966.27204129639,2051.11523189039,6,8437
-7642.69203419567,5224.91779202499,9,8438
-8062.72473541316,1028.85944367684,1,8442
3440.35454165398,9134.71456209097,10,8444
3006.65884229684,-1238.54023511317,9,8447
-2762.83129728334,-2027.99850671131,5,8448
4509.91491147075,-855.917865751757,6,8452
-1895.59049581943,-4797.33430188773,5,8453
-7089.31607915318,-2734.49461034826,4,8455
2721.28139899184,1740.4941306896,6,8456
6458.23288504014,-3281.60254195001,1,8457
1977.07429838437,-3964.81542117624,4,8458
5182.58003792031,9817.54082365022,10,8459
760.287127697338,-3899.62536566182,7,8460
6931.7615926208,-374.597963943418,8,8462
2949.34717237919,1196.69557769237,6,8466
1683.56330601263,-4426.28347019591,2,8467
-7860.62707759773,1676.71722123277,3,8469
7488.7993023852,-244.484920163066,8,8471
8307.58965642563,3001.98313629015,6,8472
-1682.88541037179,-1996.92938820062,4,8473
-10619.1737058609,3406.88403915445,7,8475
-11808.7051641296,892.749420972438,3,8477
-4136.63180641549,-2237.04452788265,1,8478
7222.24542014037,279.868523208634,8,8481
-6499.52798106423,346.440369904688,3,8483
2737.3350238583,12394.131598468,10,8485
-9397.84765816362,2513.91099821429,3,8486
6175.7401689251,-1.89524133101877,6,8487
-11801.6724506424,-765.519080924631,7,8488
2303.9996906001,2561.93438102086,6,8489
-6469.05370519778,-825.19804332851,5,8491
-3942.39588892057,612.19693883187,9,8492
-863.995899264153,4176.21256751362,6,8494
-8238.4114375244,-3420.89355536462,5,8496
3974.5664881689,-4248.83045830298,4,8497
4754.60055492693,-4096.72344377194,2,8504
-5558.4549302843,697.804335511765,3,8508
-7546.31842099715,3193.92634143457,9,8509
4629.46825590362,-3129.01058220832,2,8513
-2823.99056971004,-1438.5764998414,3,8514
-2719.74036704074,-2249.84903904222,1,8517
2327.72951108613,-3701.80494169262,4,8518
-1994.6842324055,-1616.07971945985,9,8520
4061.57955188196,-3687.5827498929,4,8521
1864.9049593923,12819.1526589731,10,8523
4262.58622685428,5573.58372130174,10,8524
-10429.2284359848,860.756446703398,9,8525
-7245.48432677609,-3091.91883558794,5,8526
3143.27728318338,-3985.06509972184,7,8529
3945.38208147519,-5239.680710418,4,8532
4688.8653119085,6406.71491375747,10,8533
1570.13663760647,-4001.6110008087,7,8534
6621.90400281941,-2288.64107501645,6,8538
2980.12331191976,5391.69951458301,10,8539
-964.069978975738,-3442.78552997217,7,8542
3773.77135001212,-3932.06648638002,1,8544
-6837.89789184599,-2033.14394971785,9,8545
6764.32265951212,645.332810158343,8,8551
-1351.3979507281,1606.99069883944,10,8555
-6651.37847077969,-3474.5648070257,5,8556
-4917.37099828203,-2317.70930006846,3,8562
-9996.67109803792,1492.03552851171,5,8563
-5069.72342082754,-2318.11531338584,1,8567
5976.25745664969,-4706.39248134102,2,8568
6245.09342642681,8318.49627396326,10,8569
-6932.95112117076,-1033.97482277921,1,8570
-6395.29886175333,19.6386360113373,1,8571
3510.42812264388,8799.05030991542,10,8573
3887.89090267435,3323.13233301694,8,8575
6441.94852679496,387.526220433749,6,8578
2308.60461730426,1679.8178414079,9,8579
-10217.8845355054,-301.465454858277,7,8581
-7035.65941227937,-2065.84473162152,5,8583
-5981.9472849206,-2029.13950167614,9,8584
-9744.27052804663,105.227218362899,5,8585
5110.94676204794,-6105.7435327583,4,8586
1250.50731751339,-4035.84916846861,7,8587
5693.93372259587,2182.44593736823,8,8594
8382.55374867287,1031.35610417156,6,8595
-1070.68486742691,1385.51674270721,9,8596
1551.50010792057,5325.46135477169,9,8599
7714.05346426723,-607.202792798562,6,8600
6060.87511301319,309.93040595738,9,8603
3738.67388065057,4006.85770049745,10,8605
2881.59972418771,-2421.28827587982,7,8606
3188.32968740765,5730.71612475606,6,8608
6344.99696871912,-194.026170164094,8,8609
7382.8132757878,-1184.76921396464,6,8611
47.0904549040102,-2348.29061842847,1,8612
7701.01733613867,-3459.61567934826,1,8613
-5349.85475191711,-3589.51120070806,2,8616
6253.07902156555,496.972540272916,6,8618
7081.52855209331,-1603.84500705459,8,8619
-4431.95013779894,-1999.65217064213,1,8620
6369.76257684097,-4930.45730881198,2,8621
-10055.472807256,928.389150588952,5,8624
-2344.92324870417,-436.741530538496,9,8630
-111.248288919545,1114.24881224772,9,8632
2243.50616469587,5149.04416001949,9,8633
-8628.84486507317,2036.40719864731,1,8635
-3301.32272144304,-53.5503518946831,1,8641
-8229.68469238452,618.605229857303,3,8645
-7382.006227732,974.422906600077,3,8649
-11763.1308715636,2971.85514775121,5,8651
518.014277428822,-1664.54273077822,3,8652
5877.47965578282,-4055.27786382064,2,8655
6606.34867595488,3582.24946875921,6,8656
5760.75553017003,-4765.65901156507,3,8658
-335.594827324492,-2358.60162926817,1,8660
7288.6987850228,425.495494822911,8,8661
-9488.8042541621,-863.056765259417,7,8666
-4287.41052251423,3454.6494086159,10,8667
4171.87951352656,-3975.60640346788,2,8671
4463.24623797842,-4558.16196653181,2,8673
1684.43417360946,-3699.38586655455,3,8674
-7859.42161050705,2644.87043001238,3,8675
-4143.06733291691,5346.81998368801,9,8676
-136.784019792756,10737.6365116294,10,8677
-4566.30813291936,-4408.02421017686,5,8682
-520.615836178646,-272.618134623713,9,8683
-4465.9931731141,-2690.67210634251,5,8686
2374.67890052698,105.414672947364,7,8689
-1928.2124142904,-3861.23973386276,3,8691
1125.99983440449,-4497.24787554731,3,8692
-9451.75363148413,848.535830564138,5,8695
-6669.24932926074,839.981366197877,5,8697
-11427.5441402105,13.5182880826168,3,8703
-1392.99751831331,-1403.89775746445,1,8705
5801.5029895504,5676.97142034885,8,8707
-5778.52122509142,-2178.08621037688,9,8709
7320.1132999155,-2423.55522087379,6,8711
3684.74185243326,-4317.90810325013,2,8714
-1158.47041629268,-3519.19602445795,7,8716
5788.63535653767,-394.005261804734,1,8717
-734.673222001689,-741.781262708192,1,8718
2439.49716302318,-3393.99220235933,4,8720
-5449.26464942165,-2939.25984755289,4,8721
4553.44252868572,738.529361853262,10,8723
4821.0058097948,1828.57869071992,6,8725
7215.36508979694,-3414.19296461668,8,8726
5870.06738351818,-1633.15476134696,2,8729
4621.12460464224,2012.12120483366,6,8732
6159.12801239331,1144.19463729671,6,8734
1000.9132034312,-3995.2823515845,2,8736
4518.04743035676,-236.647088278353,8,8739
3879.63265895843,-3647.74979203239,2,8740
-3549.32527279726,-2912.54834295299,4,8741
-1790.35293409107,-1506.95162161252,4,8743
4139.47209106284,-3894.19929878419,2,8748
8216.73426036473,2043.01291736896,8,8751
-5751.38766160505,-3265.48602424887,7,8752
542.013672824146,-2807.52494530334,7,8754
-5823.52666034903,1588.76239075816,9,8755
4188.44776707758,-3895.56702603176,2,8757
-8559.39401527352,-16.0243764678094,3,8758
6004.43052538336,-1998.99728340491,8,8759
-1841.81175976327,-148.052643008537,3,8760
-4173.68611079684,840.176946055873,5,8761
3011.49476061377,-4881.761725283,4,8763
5702.62479932966,4141.84377063815,8,8764
6596.28262666551,1450.34845969064,8,8765
1280.83603895269,-3254.38742206164,4,8766
-3690.50967464893,-1129.09057453084,1,8767
-11848.2714521907,-495.262831424017,5,8770
-4835.09750523008,-1552.25836068407,1,8771
523.474006550388,-3448.11885725529,3,8772
5634.76470465459,-3795.80553752647,2,8773
-9642.48963336027,-3834.18902480438,5,8774
4391.0455376812,1464.56116699085,9,8776
3873.31189450818,6894.21800848619,6,8780
-13092.8022192461,2140.69217342174,5,8781
-3979.42074048806,-1172.38626479287,1,8782
436.896478488625,-3136.2999728867,1,8783
-3421.34134220192,5421.24847890184,10,8785
-12298.6021071249,1351.11856384203,5,8786
6408.40024991592,-486.583878769327,8,8791
-7996.8424021912,8266.15680077894,9,8794
-691.800848880749,-2446.27738235963,7,8795
6696.93871558861,-2783.93030739162,8,8798
-10072.1766466765,-1422.41112112677,5,8799
7581.74672198145,3488.56137477662,8,8800
-3495.776109811,230.733388947013,7,8802
-2845.32691344359,-2263.44251646735,2,8804
5529.15981129153,-3759.48372436884,7,8805
-4062.64630814915,-1293.48769155047,7,8806
-7298.69160717696,-3300.55500452757,5,8810
4615.16372881017,-2640.89208805434,6,8811
659.294036901028,7124.91413710013,7,8813
-3972.23069447078,8147.85427711377,7,8815
-6494.87888116026,1656.84524088886,1,8816
-975.304692834788,-3290.13770326697,4,8817
-2198.80665628114,-2297.37434139543,4,8820
-12974.2559379123,3859.40329540602,3,8823
4083.3949465455,-3720.21781564659,2,8826
2381.046305175,-4580.48455673079,4,8829
5713.59719528528,142.672166761943,8,8831
-5387.038634015,-264.146443708309,3,8833
3804.33428898145,-4667.31224651773,7,8835
-7613.3163775014,4467.83621932648,1,8836
-4668.720284392,-1012.06464138661,1,8838
-8431.10531427709,-454.065798910546,5,8839
4333.9420318018,1460.51469930467,6,8845
3838.00122054228,-4732.68300384455,4,8846
-4509.57708838714,-2389.95279200143,5,8847
7737.64585729383,1366.72495617642,6,8850
-5641.38262369604,-989.53740949737,5,8852
1185.6100238946,-3880.52503677602,4,8854
9279.73521607792,1164.91377036371,8,8857
5695.7577096658,-3999.59627778948,4,8860
-506.544024695477,-3923.51262477249,4,8861
-6390.35634635891,1158.1618160243,3,8862
5257.29672513045,-4763.70301213764,2,8863
6271.28527607761,-4599.30522269502,2,8865
1871.80872431687,7023.98566929602,6,8868
-1237.88355803715,-1952.7917516431,7,8870
6645.66993892955,-4102.77167217793,2,8873
-1097.20649825346,-5890.78596556323,4,8878
-8602.54861750564,-2235.99232750684,5,8880
-4072.31620435687,147.394728060736,9,8887
-120.069195881867,-2963.42098450202,2,8889
-7313.12552057463,1601.30563148088,3,8894
6799.49911814385,2258.138634995,6,8895
6381.83555061555,-708.691213149691,6,8897
-5630.76482006274,-1825.6114195883,1,8899
3372.53652804696,-4305.39161248137,4,8900
-7885.03016161383,-3589.14239824252,5,8903
5871.05897319255,-3806.37235604601,2,8906
2208.12863176868,-3889.44333875087,4,8907
-11172.5187257449,34.1403588486612,7,8908
-633.593333500598,-1987.76835372546,4,8910
5862.82605455178,-1529.34348079182,8,8911
-749.38017482545,-2557.69645643574,7,8914
-204.345156431829,-2079.91884846468,1,8915
6148.9095030796,-4295.88979472195,2,8916
5885.25971137658,4557.57173361671,10,8917
1303.79372649534,-2240.03804288954,3,8918
366.825905290277,-3677.5128885625,1,8919
6408.81467447457,-534.657852391035,8,8921
1869.66485157642,-3663.07515099553,3,8922
4069.40422590159,-2629.90150889003,3,8924
4336.10348029686,-3931.00292217094,4,8928
5328.35096916399,-939.863036667907,6,8930
2922.36084430258,-4226.1143742058,7,8931
2270.5067401343,11734.6619720714,10,8932
5512.81370911516,3072.25664778362,6,8938
-5512.05036734875,639.540196481093,1,8944
7344.92389744641,-2364.77530707427,6,8945
5310.52971279907,-3943.77264237612,2,8947
-79.3670439158919,10145.1469050054,10,8948
1675.73837627184,-3090.53102597366,1,8949
5559.45053569163,-1283.20697758919,6,8950
-5085.38542476982,-97.4417919337792,7,8951
7467.44648439422,-4190.83860191977,6,8952
6580.29752201067,1286.94240952972,6,8956
-7635.73926199805,-592.494462658971,7,8957
3895.7561378264,-3868.64862071286,7,8958
-9636.72074447676,8610.96693641478,3,8959
-8696.04744275036,-151.356273937696,5,8961
-9624.40492074693,-2464.73064631903,5,8963
5450.39203238795,-5016.35231388484,2,8965
-709.676865080838,-879.679922856454,7,8967
-5638.21985182456,-960.756112399537,3,8968
4053.65991895096,-5011.3459276483,4,8970
-8976.72372386575,-1058.49128056349,5,8972
-3778.53422238042,-3898.23481381259,5,8975
6125.92858318558,10331.2652813391,10,8976
7624.92388526068,162.987306584263,6,8979
-354.155002768852,-2405.52850691416,1,8980
-11127.4804412764,2173.72388907775,3,8981
-8579.37360381441,-2389.10729232901,5,8982
-2708.50281017571,-1294.45149707098,9,8983
2144.4079247848,-3915.34861517798,4,8984
5357.96106141725,13562.9377459482,10,8985
1855.47360614904,-833.521418773232,1,8987
-5657.50367315789,-493.554187113922,7,8989
-8158.8003302853,50.5978680608357,3,8990
2771.9633049524,2143.89087290569,6,8991
5864.60624283834,1727.98308796657,6,8993
-6709.34163558476,-168.296082969358,3,8996
6388.74174452123,6661.11799192896,8,8997
6266.60402191908,-3902.26904259929,2,9000
6119.18866418787,2232.53739438763,10,9001
4484.18581065817,3924.4579572753,6,9003
4916.31550267634,-4359.85414512436,2,9004
1091.37820174384,-4890.90960476372,5,9006
-7238.58785804753,-864.211051837745,1,9008
-1773.37471801574,-1203.75353659926,2,9009
-11466.7696482392,4635.44324074371,3,9010
-10472.8419480632,9538.42978567979,9,9011
7944.59933542212,1871.44093683888,8,9012
441.806338330714,-1936.6728958906,7,9013
2618.17718571042,-4570.67223129144,2,9014
-7440.67232832529,2114.45165228158,3,9015
4602.28863294745,3846.10470111153,8,9027
-3542.71299077291,-2878.49780443837,9,9028
4993.09810194252,12415.4190786685,10,9030
-380.857402943456,5802.71705232248,9,9033
-1934.79714257664,4831.59906561036,6,9034
6223.48788642038,7119.83524726221,10,9037
-5726.62358370247,-1035.65849493754,3,9039
3214.39566451648,1756.72831516984,8,9042
7071.73864230635,8561.5009894565,10,9044
5088.47157346966,5784.62941248061,10,9045
6516.91482316121,-937.312590522914,8,9046
5870.43821281735,-1236.54460252535,8,9047
-1960.76020750683,-2199.22406644805,1,9050
2625.37187979094,-3565.3864850749,7,9052
244.042039999022,-2379.31881696268,2,9053
7051.11945845494,901.818318880287,6,9059
9810.66103991492,3986.76368425401,6,9061
5214.42418408455,-4664.79426500333,2,9064
8361.17609256352,-1243.07444071737,6,9065
7860.60007669803,1770.60866593464,10,9066
-6883.87130267563,752.231135966401,5,9067
-7514.91592155268,-2252.42626497455,7,9070
-8154.91478952382,-634.651018225855,3,9072
-3146.59017319672,287.857543566372,3,9077
-12894.2721620875,4877.49124809719,1,9079
3201.75260710427,-792.01174665965,9,9080
903.078861811942,3131.4525043585,9,9081
-9257.51556847834,832.618157746384,5,9087
6762.84357812326,-1852.28782815106,6,9093
6446.659510587,-1801.38731774146,6,9094
-7490.82228470821,-953.756772383203,1,9095
7590.98821748078,3468.25130024452,6,9096
4507.12231357948,6299.19286059035,10,9100
-279.913541660746,1050.01441771556,7,9102
-3023.34655841232,-2542.21121773186,1,9104
-10116.1395751376,-1939.04597045766,3,9108
-4504.86370777517,-3431.57268568434,5,9110
5494.58484715736,5965.80646391338,8,9113
-7595.79887503003,6669.15315319082,10,9114
4343.03266189887,-4052.5465830502,2,9120
4983.33139912687,-4397.94155907399,2,9121
3921.52474455746,3028.94424171718,8,9123
-14689.6196433821,3559.96679005514,7,9125
-5810.2694465573,7530.88906452017,9,9126
7444.82617509872,51.7503372319567,8,9127
-7870.13706581714,3548.57951698608,3,9129
6601.09792185652,1722.17555931713,8,9132
5828.62823151549,388.671333691936,6,9133
1953.56923076113,-930.444493441974,1,9134
4863.69910539265,-3367.26126792293,1,9135
-9099.22808816016,50.8948236602294,3,9137
-5526.66147173176,-2241.12874836948,7,9140
-2903.45900032781,-3024.05397955817,1,9141
4672.12247795868,-2990.50031289726,9,9142
-537.919839193434,-4246.66980859932,7,9150
6577.38272421339,418.169369546636,9,9153
-12297.2588729341,6398.06938574184,7,9154
-4246.84814623352,-3100.2552004891,7,9155
7585.08890976702,2056.39903461392,8,9159
3068.80310947365,-2987.2568588338,7,9161
-151.108503475828,1165.31677871851,6,9163
-5159.33966585974,-246.752833451729,1,9165
6654.21597979327,5236.43475525918,10,9166
5655.66643373936,3468.15856191631,9,9167
-2535.56840105533,-2205.90308811254,7,9170
5124.44324620783,-3511.54013292843,2,9174
3824.59665647919,-3707.62671230073,9,9175
3782.86351815222,-1909.93987931334,9,9178
5407.55256858649,3153.06693507194,8,9180
5012.88783027879,10508.7494033118,8,9182
-522.785739921571,3444.29301045892,9,9183
861.947881833042,-4880.77971529623,2,9185
-9554.40614212034,-2707.96160834308,7,9189
-3263.54369027165,-2225.52284857127,9,9192
7041.90780361388,1608.20816978425,6,9194
2753.00261072342,3850.34887636945,9,9195
6771.8250539946,-1403.46938527077,8,9196
611.037056090154,-2227.69218600805,3,9198
-201.152670013572,6598.99766582193,9,9199
808.866110392174,-4532.78996812401,7,9200
6967.60046790903,-3748.5365671049,6,9201
-4385.8072293967,-4023.08446239615,3,9204
-1659.67472254575,-1943.68056572471,4,9205
-14302.584817304,7628.7990343751,9,9207
3469.57431354889,-5007.82512185399,4,9208
-9576.61885429007,-1128.58093443528,7,9209
730.99787276526,-2350.47718426756,2,9210
3325.47984450914,-87.8333610263168,9,9211
-5809.27747648461,2833.44725450899,3,9212
-3668.75619919236,-1178.97867177755,3,9217
-2156.42941547836,-2682.32569992476,9,9218
-2018.01450202414,-2053.50735738863,4,9221
-615.811445396226,-3681.10591847844,5,9222
-13863.5575102215,4361.71817825349,3,9223
-3502.78842970874,-1006.56243190521,7,9225
4654.95039845297,-5535.51726065961,2,9226
-2765.10110418672,3139.43283621967,6,9227
-6913.02916626626,2174.37208944113,3,9230
1189.09079222273,-860.734537681793,6,9231
3769.36559794695,5725.91208078792,10,9233
1076.2248387029,-3051.99775856765,4,9234
481.857685148424,13174.8531658796,10,9236
-2463.84307006502,21.7183271635791,5,9239
-4309.66748943902,-2370.3766445386,1,9241
6535.01096971125,1579.07902623367,8,9243
4419.13148016851,-2791.15841281457,2,9245
-12717.0699217442,-1679.02864341636,5,9246
6052.6008616657,-1498.90102092155,8,9247
5704.94995573817,3448.12505577072,6,9248
-13554.0412561151,7169.41234358252,9,9249
-2092.50010980916,-3882.46852613518,4,9252
-143.531080840375,-2722.00293413314,4,9253
3372.35192839572,7182.40976794437,9,9255
-6353.06327684543,1813.38867230697,1,9257
-2003.2811969804,-4597.44489162119,4,9258
7994.50637820622,1723.06471255394,6,9259
556.528878186681,-5905.95259283644,2,9262
7712.83720181085,-2615.87448174558,6,9264
-3785.77562869837,-1842.9537929562,3,9266
5158.38660999832,12745.5711775973,10,9268
-5953.47262631005,6098.75772424514,3,9272
6114.787305556,-3664.53170366251,1,9273
864.880621095709,-2212.68617248749,4,9274
-11402.3907442208,6010.63278262326,7,9275
-4764.8503241228,-354.252991999682,3,9276
1994.70838373195,-4842.87688689902,2,9277
-7643.10267508066,-446.85005171886,9,9279
6963.36262430351,7152.03823664128,10,9291
2768.19190321519,-4905.5899614636,4,9298
1352.07404033165,5666.71190701552,9,9304
-11873.8269414085,-1225.05956590546,7,9305
-3504.48736244701,11565.9835034347,9,9306
4781.34256542224,3273.37964600476,8,9309
3680.71852393551,3334.7176285089,9,9312
-10658.8252597653,3830.91213823041,3,9313
2744.24858393072,-3216.01306581121,2,9315
5408.46710770148,3177.11249814318,10,9317
7246.40134199957,-2194.969957396,8,9318
-1274.48054165706,-1811.06524887524,7,9319
3063.61738836773,-4647.42092060517,7,9320
2043.3773740996,-1626.9084885805,2,9324
5061.60083119376,-2291.46214706221,1,9326
4287.86634911829,-3471.58809991224,2,9333
1621.47957863309,7863.4587754246,6,9334
5235.22385252499,-719.335998808492,8,9337
-1449.35082074146,-2343.1949362428,3,9339
-121.71522748592,-321.887292533094,3,9340
-7581.53401846452,679.87106484882,5,9341
5840.80795396605,-544.671768560074,8,9346
-2041.48217738034,-4955.86553031568,2,9348
-2323.54075294237,-1563.08439506026,1,9349
-6518.59987321452,-945.074626912481,1,9351
-5719.96608241972,748.387193453526,1,9354
10713.2781109674,2827.4947351156,6,9358
6995.07898997909,631.334020911268,8,9359
-3152.70978852891,-1048.64860818679,1,9361
5972.24781256555,10363.214181993,10,9362
-639.699220151601,-3221.09563868739,7,9364
-5680.60737510089,1752.13458942169,9,9367
4927.10334329436,-4465.10218068256,2,9371
5308.59771313911,13843.8542146422,10,9372
1536.60161254061,4265.53777447427,9,9373
1477.24667809616,-3112.94542523364,5,9374
195.388634594544,-4965.27326297575,2,9375
-3180.54570180839,8855.43039945726,9,9377
-2927.11607330557,-867.707202872099,7,9381
-1694.37772216852,3656.27608685154,9,9382
-8282.18930353347,3593.59066779217,7,9383
1695.99793915865,-3880.40941168002,2,9384
1047.47909647955,-3419.98808070662,3,9387
-4539.55771020708,1943.54254315607,9,9388
3376.94314088667,-3302.58096264083,4,9390
-9208.45940465227,-1924.00473863006,7,9394
-2748.85084929251,-1132.93686910048,3,9395
-967.376670736948,-3541.40722928909,5,9397
4839.88377934808,7543.77110755546,10,9401
6031.64165267739,6491.15548299375,8,9402
7798.77021813565,-2562.9786873932,6,9403
7823.77611167435,-3141.75019120774,8,9405
-4773.89601674587,1476.10956697505,3,9407
3702.11474871401,-4714.51099404139,3,9408
-7767.31070617703,-494.686351062089,5,9410
-8300.32096123602,-68.7507800236951,3,9413
2502.43257375379,3745.83769852039,9,9419
-15314.5925736777,3258.94252854012,5,9421
-5632.91616467571,-2281.25268980614,1,9423
-6495.98107263821,-2095.19701186216,7,9426
7375.32073770815,-4699.34609689497,2,9427
-4500.12748412694,-1004.21967421835,7,9428
-1513.87265020238,-2880.8020199885,4,9429
6433.55310795958,-4627.28309084222,2,9430
3607.42759220945,9632.66079010271,10,9431
6993.67097180467,-3757.43102693529,2,9432
-3407.9323577682,-2053.55680160787,1,9435
9155.9470214184,2594.5000686099,6,9436
4167.34839577543,-3428.98477945329,1,9437
-4315.70364751089,-1835.24314727728,5,9442
-8350.24114271192,-1741.16773802,5,9443
-12155.4244603438,-662.28967958257,7,9447
3563.01912888682,3721.388747446,10,9449
-2488.78744291619,-1822.1255199631,1,9452
-7135.79498917942,3237.48270659059,9,9458
2973.16357882454,-3617.04427909064,4,9459
-2692.17200215675,-4772.11886753635,5,9465
-7573.02950086261,4085.01976240422,3,9467
-4333.9005829758,6998.73255225526,10,9469
7548.84352329182,1532.49378935816,9,9472
-2626.78245375932,-1346.41894289307,1,9473
6512.94240017939,-891.76284287662,9,9476
5317.27459443557,482.759721123021,6,9478
-12509.7653223061,591.207157029565,7,9481
5834.2748455945,-4885.83146773996,6,9482
-1778.87900608837,-2915.84545397024,4,9483
-8396.55834818626,3742.75248728932,7,9484
-7213.36777626232,1009.59104831037,1,9485
6225.72844560981,-3669.60860386548,6,9487
-2307.28396788985,-3424.89851824098,3,9489
3708.51081535647,-2826.27786287006,2,9490
-13436.4007792586,5286.5452605494,3,9493
5803.54137167913,5230.33191028132,10,9495
-3205.86165971438,1432.81751084071,2,9500
-13804.8742972898,-1580.28002948786,7,9504
-9653.88068484445,2271.42916896827,7,9506
-519.897083209109,-3752.32887459786,1,9507
5304.56481446915,-3840.39506173606,2,9510
-3676.49962989402,-1808.73195759968,3,9511
5336.65321792708,3065.67040817932,8,9512
1190.48133012763,-3650.26562652477,1,9514
-934.626552200625,14461.8100105017,10,9515
4143.73172799016,5324.73017489855,8,9517
5455.31818501451,-3760.2921683213,2,9518
-2524.99666607108,-4091.05244036998,7,9519
7496.61808444549,-3115.42693698844,6,9520
5354.05370831064,6785.54887579694,6,9526
5469.35516227125,10067.6420239665,10,9527
-2347.63285082834,-1946.18503838711,4,9528
-1697.20238984783,-1765.07372686312,2,9529
-2836.3680069965,-2189.17107602931,1,9530
7116.13375587953,-717.01740424098,8,9533
5125.931963811,-472.588863263663,6,9538
7552.31768361546,-2359.22249429268,6,9539
8381.61987330507,-224.246914125962,8,9540
5945.69193920952,7920.46525526527,10,9542
-4267.10250293756,737.096132205223,9,9543
-216.26046050248,5728.57441481573,9,9544
-2221.67323661846,-5144.66042443514,7,9548
2366.98219147351,-3553.72410389916,4,9550
-2331.52226413337,-1959.66172813186,4,9554
5781.94865692843,1049.98025841274,6,9555
-5483.90707368472,-747.871087180953,1,9558
-8476.56066488857,-731.065419603483,5,9559
-13180.7575314583,10734.5874348023,9,9560
-1812.92801814096,-1349.35837014488,1,9561
-2303.38709902835,-51.7305273994841,1,9562
-8905.50872606606,2816.2002332919,3,9564
7585.33582243532,632.617319542044,8,9566
2466.48412535337,-4549.26879522726,3,9567
-678.869795814176,2086.74033946493,9,9568
-8229.87159024367,-1177.40219462496,5,9570
-2151.71317071814,826.095469565067,9,9574
-6270.92879605405,91.1311031526028,5,9579
3520.43262080046,12091.1824536366,10,9580
2057.1813910765,-1564.72843693314,2,9581
6073.76884924067,5407.94931268396,10,9584
6053.3491565914,2862.41501379742,6,9587
-4730.67935868615,-2508.9431816432,2,9588
-1351.25543219428,353.796661562301,2,9590
-11086.963753125,-1293.93901857183,3,9591
-842.113538471981,-2684.57283834638,1,9592
-1562.82802089417,2152.0614531703,5,9596
-5398.63254852573,276.42882478832,5,9598
6303.91930686774,-4493.93729411008,2,9600
-5830.37234670335,-3909.608635505,3,9601
2206.89135653113,-4458.1036982626,4,9603
-11087.245255158,-1975.04454001614,5,9604
-865.927726509088,-4251.08913521662,4,9606
7095.46609230068,-1809.60462209723,8,9608
3301.39618966792,2908.61351391054,9,9611
6344.5286846061,-4458.7598856094,2,9612
6228.0382631504,795.237864030505,6,9614
-1840.2340294727,-1805.02869101412,5,9617
3339.89915304588,12536.4671206567,10,9619
-1756.53161005906,-4089.17227695127,1,9620
-4331.66265037114,-2912.01913702323,5,9622
4418.7788136269,-3877.82146482274,4,9624
-504.588287710087,13107.4607903401,10,9625
-2586.00033197323,-1576.73299976155,7,9627
4549.15415433431,1206.83999833868,8,9628
4802.06945875029,-2631.88520786918,7,9630
-6225.66855389328,51.003001278291,3,9634
-4162.60591130587,554.082258288013,3,9639
-6842.4836981508,-3081.27334479298,4,9641
5123.32705624124,-3226.9187837686,2,9642
2970.8882366405,2839.39229998644,6,9644
7231.71332731096,39.3750528544285,6,9646
2834.56294804289,11574.801758854,10,9647
2613.37229449524,-4104.2177393112,4,9652
-1427.67970804229,10919.5382613664,10,9653
4871.73607982282,-4004.88217330877,2,9654
4860.35707145942,-4024.63951202278,2,9656
-3479.70213877849,-3013.09672700415,3,9658
-6258.2911924407,-3658.89751805574,5,9661
-9188.86805029415,-445.894862524574,5,9662
-7889.96765484592,2015.03990868526,3,9664
4630.12783332158,-348.96666862154,8,9666
5637.47847956108,3707.1247644197,8,9667
-2929.18105399618,-1516.66385754243,1,9668
2028.32455848078,-2351.06151474628,1,9670
-774.845716503296,-497.752092172013,5,9672
-9970.54377991797,4468.75446783584,3,9673
4371.71413022025,6833.5918008723,8,9676
5199.56952369747,-1362.38578085993,6,9677
535.619018598941,4846.92553855079,9,9678
-5207.04163052007,3622.00494214476,9,9680
-8568.53551250499,-2032.40296184073,5,9681
-9315.08757437833,-666.89709546817,3,9682
828.468488498389,-1509.77392460619,3,9683
1561.09522519341,-1376.97402298765,1,9685
-748.584365079941,-1810.97119364671,1,9686
440.408661263588,-3527.03035124816,9,9687
5065.91866305405,760.633388479845,8,9688
6970.27312920582,8766.06916005528,10,9689
-13388.9586477924,836.010107082409,3,9690
2719.75389806116,1955.18523962787,8,9695
-5063.2984850873,-792.552247934874,1,9701
-4773.80032925996,1019.73827838074,3,9703
5614.72821562684,7569.46692026062,10,9704
5354.00456608565,-810.489916178807,8,9705
4443.44736275035,422.43960166203,8,9707
2600.95268466102,4048.17112685742,9,9708
700.365279574081,8600.18958693008,10,9710
4548.27859520075,9242.19709438132,10,9711
5688.4589818738,-3750.65576447487,7,9713
-487.299507528052,-1163.60274787021,1,9716
-3990.29112282306,-3954.25498394732,4,9718
-4830.2131022351,-3368.35540543327,4,9720
-3352.20655190307,-4009.61094660607,4,9721
-13055.6578637517,3250.42793345365,3,9722
-5551.36265999007,-4375.22479537008,5,9725
2748.52364512507,-3811.47850576782,4,9726
-7244.5279913815,-1133.49299034715,1,9727
-8020.29707582798,-2728.06149818196,7,9728
2609.92525019785,572.212731282969,8,9729
4559.7736994092,-97.0133178426002,9,9730
-2578.95582101729,-1820.0209851473,4,9731
-7697.86658097843,816.756856707285,5,9733
-5416.91137506902,-2162.55924501853,1,9737
5904.79342483656,-4282.33334534511,2,9743
-7426.0884282225,1052.97232816326,3,9746
-2182.77823492186,758.483624319489,9,9747
1780.36274115017,5285.58201002959,10,9752
5358.15997725498,8340.95565849199,10,9753
-3992.91291379449,-139.058468235669,1,9754
-3.1790278674554,-3722.54108496623,5,9757
5206.57613548254,9741.3657024136,10,9758
-182.075246039517,-4092.77575200596,3,9759
-763.400881823105,-4604.10937175489,5,9761
-3188.27333698261,-87.1174651635103,9,9762
1170.29846302724,-2968.72119065531,4,9765
-4301.89054491218,-1551.15634621201,1,9770
5759.79892692514,-4794.45225988896,2,9775
1684.16299322573,-1464.94069939966,7,9776
3461.54977234962,-3818.2807936823,4,9779
3820.55544487835,3438.42060953361,6,9782
-6938.48301898153,446.056025279877,5,9784
-5641.33199909954,-578.282499473212,3,9785
-4388.54549811336,1133.55242649977,3,9787
-7340.62879779898,1198.32486215605,1,9790
5181.58794879108,-4375.44796380799,2,9791
-8003.40197090478,769.561610088689,7,9795
4418.18639499032,-4246.64260529921,2,9803
-7167.2325151263,-1469.77915558161,7,9805
-229.068788771695,-5528.15176702119,5,9807
4423.84624348999,-5036.55998847739,4,9810
7600.24256034757,-1609.03966392666,6,9813
4346.12140397248,5425.66277499417,10,9814
4716.72238873703,-4702.75820504891,2,9817
5567.44859034663,585.610603626483,8,9818
-6265.85598813941,-4349.93034341926,5,9819
-4805.94188748183,-1959.79244531151,9,9820
7335.78588670215,6297.72457367606,10,9821
-1635.41387129828,-2508.989746335,3,9823
-4284.49055842341,-3520.74966838872,1,9824
6204.20366021183,-1995.43373152413,6,9825
4978.40603843494,-4341.90722441708,2,9826
-4403.51178327732,-1215.42172678582,3,9827
-7336.20441682026,-664.417072845934,5,9828
-8236.53350612164,-2360.38664659817,5,9831
-11220.7700829481,908.148081966689,3,9833
7015.01397159121,-3414.05625891481,6,9834
5516.08151368442,-3402.98827789354,5,9836
3216.1094599484,3596.44612002433,9,9839
-4506.4963093029,-3213.4448240782,7,9849
-3738.77929131531,-4010.52130005623,4,9851
-5311.65160859812,272.065681023642,1,9853
5419.88456718499,1065.39553360197,6,9854
2775.37509320763,10720.7733245945,10,9861
4126.05456602385,-4683.04203981989,2,9862
5200.94572699427,-3869.19176295078,2,9864
7947.61517002149,1197.20978666767,6,9872
3248.1626489079,3048.6790930558,6,9873
5350.35025880726,-4155.40493317828,2,9875
4785.24050456735,5224.98753269133,10,9878
-5132.14069871659,-2473.05480173817,1,9879
-8959.85379095073,-1706.49831932786,7,9881
-1227.73105510352,65.6893153763882,4,9885
2698.2693873339,11222.8699820197,10,9886
-4715.67182344761,419.417508738477,1,9889
-5574.97865094387,10392.9887201614,10,9890
-4504.23314559044,9773.42859669395,10,9892
7198.04639904917,-3037.26560030511,6,9894
5090.66078302369,-5598.33148024774,6,9896
-6310.97860270209,1861.59772174979,9,9897
-1421.28470982119,-1433.11594448218,1,9898
3166.3469762966,-5140.30172826086,5,9899
-14266.7239086224,9117.92763571965,9,9900
1659.96045536464,-2303.8073788154,9,9901
4441.26685732542,15038.9478620758,10,9902
7108.64774086461,4671.94356101106,10,9905
6145.60515793301,-3953.24382023521,2,9908
806.705884607183,-2899.81498352186,1,9910
-2740.77847294405,9775.96635328863,10,9911
-7442.18336888661,2285.66867065437,3,9912
4835.38727019161,-838.937635624616,6,9915
4928.41909516524,3439.78241774344,8,9917
-1389.95099320716,7332.72298983743,9,9919
-6030.57886025441,3007.01058125815,3,9920
-11373.5607474457,6241.32850825124,3,9921
4976.61788323812,-3034.07824774358,6,9923
-3179.89795803304,-2215.08455041117,3,9924
-5396.58592785834,-1628.78340343243,3,9928
-1152.79801262175,-1473.36653109193,9,9929
-7000.73739259561,1452.50493214287,9,9930
6455.51415336225,2635.67921158985,8,9932
6791.71297239699,7040.66942755769,8,9933
4683.43205199828,-2900.22207810572,2,9934
3206.68670294329,-3486.12515978478,1,9935
1008.82276944683,-2001.63913872339,4,9936
-4275.62585033795,1029.26400730695,9,9938
-13163.9630263008,-1699.20624465536,5,9940
4632.12088089952,568.088872967413,6,9945
-10261.6902810973,435.367920277851,5,9946
1957.15468576488,4073.94895128998,10,9948
5965.82326890859,-5388.8669993079,4,9949
3081.18729533048,-3819.87809098904,9,9952
2633.94252034311,9799.08065492217,10,9953
-11877.2247179515,1629.17102490808,3,9955
-9887.61980129794,-930.655899178346,5,9959
4996.18306309154,2162.93495464759,8,9961
-10643.7500800709,-1920.68518187559,3,9964
-4353.49579773329,-2005.29126889331,5,9967
6362.11062790696,2619.46456259086,6,9968
7831.64256027805,-1981.23291736865,6,9971
6379.26625932631,5590.2758701089,10,9972
-11405.4753808994,3225.6710835632,7,9973
-319.378978192951,-2552.87835040847,1,9974
6063.56498995334,-3039.1070518551,6,9975
-2714.28437518293,9957.53892700585,9,9978
6206.70295012605,-2540.22721255633,8,9979
5536.63674010765,2576.19221516886,8,9981
5124.22150635672,1275.32767818512,6,9983
7616.48434798546,-938.460525760877,6,9984
7339.58019321328,-383.841910748564,6,9985
4373.34278103171,8160.3877295645,10,9990
5625.38692068061,9064.31227965351,10,9992
2869.1114752877,-2845.76161376963,1,9995
-1382.11977778336,-2255.9417342974,1,9996
-983.632301842747,-3626.81556567969,7,9997
-9445.45221367134,-1030.3581486527,2,10000
